-- phpMyAdmin SQL Dump
-- version 4.0.10.14
-- http://www.phpmyadmin.net
--
-- Host: localhost:3306
-- Generation Time: Aug 31, 2016 at 07:01 PM
-- Server version: 5.6.31
-- PHP Version: 5.6.20

SET SQL_MODE = "NO_AUTO_VALUE_ON_ZERO";
SET time_zone = "+00:00";


/*!40101 SET @OLD_CHARACTER_SET_CLIENT=@@CHARACTER_SET_CLIENT */;
/*!40101 SET @OLD_CHARACTER_SET_RESULTS=@@CHARACTER_SET_RESULTS */;
/*!40101 SET @OLD_COLLATION_CONNECTION=@@COLLATION_CONNECTION */;
/*!40101 SET NAMES utf8 */;

--
-- Database: `book4hol_holiday`
--

-- --------------------------------------------------------

--
-- Table structure for table `error_log`
--

CREATE TABLE IF NOT EXISTS `error_log` (
  `errorid` int(10) NOT NULL,
  `date` datetime NOT NULL,
  `error` longtext NOT NULL
) ENGINE=MyISAM DEFAULT CHARSET=latin1;

-- --------------------------------------------------------

--
-- Table structure for table `eventreviews`
--

CREATE TABLE IF NOT EXISTS `eventreviews` (
  `rid` int(10) NOT NULL AUTO_INCREMENT,
  `pricereview` int(4) NOT NULL,
  `subject` longtext NOT NULL,
  `review` longtext NOT NULL,
  `customerid` int(10) NOT NULL,
  `reviewgivendate` timestamp NOT NULL DEFAULT CURRENT_TIMESTAMP ON UPDATE CURRENT_TIMESTAMP,
  `resortoreventname` int(10) NOT NULL,
  `status` int(2) NOT NULL DEFAULT '0',
  PRIMARY KEY (`rid`)
) ENGINE=InnoDB  DEFAULT CHARSET=latin1 AUTO_INCREMENT=28 ;

--
-- Dumping data for table `eventreviews`
--

INSERT INTO `eventreviews` (`rid`, `pricereview`, `subject`, `review`, `customerid`, `reviewgivendate`, `resortoreventname`, `status`) VALUES
(1, 0, '', '', 0, '2016-08-23 00:38:41', 0, 1),
(2, 3, 'gud', 'waste', 29, '2016-08-23 00:38:41', 12, 1),
(3, 0, '', '', 0, '2016-08-23 00:40:09', 0, 1),
(4, 3, 'gud', 'waste', 29, '2016-08-23 00:40:09', 12, 1),
(5, 0, '', '', 0, '2016-08-23 00:42:19', 0, 1),
(6, 3, 'gud one', 'gud one', 29, '2016-08-23 00:42:19', 12, 1),
(7, 1, 'Okay', 'ok', 29, '2016-08-23 00:46:08', 12, 1),
(8, 3, 'bedss', '', 29, '2016-08-23 00:52:10', 12, 1),
(9, 0, '', '', 29, '2016-08-23 01:02:46', 12, 1),
(10, 0, '', '', 29, '2016-08-23 01:07:02', 12, 1),
(11, 2, 'lkj', 'lmn', 29, '2016-08-23 01:26:05', 11, 1),
(12, 3, '', '', 1, '2016-08-23 02:10:32', 11, 1),
(13, 4, 'good', '', 1, '2016-08-23 02:12:34', 11, 1),
(14, 3, 'tet', 'tet', 56, '2016-08-24 09:33:33', 12, 1),
(15, 0, 'a', 's', 56, '2016-08-24 12:11:37', 12, 1),
(16, 3, 'testn', 'testn', 56, '2016-08-24 12:38:47', 12, 1),
(17, 5, '', '', 84, '2016-08-24 13:01:54', 12, 1),
(18, 4, 'sadasd', 'asdasd', 84, '2016-08-24 13:02:04', 12, 1),
(19, 0, '', '', 123, '2016-08-25 13:53:47', 11, 1),
(20, 0, '', '', 167, '2016-08-26 16:22:29', 12, 1),
(21, 0, 'Test', 'Test', 167, '2016-08-26 16:23:50', 12, 1),
(22, 0, '', '', 167, '2016-08-26 16:24:26', 12, 1),
(23, 5, '', '', 123, '2016-08-26 16:24:30', 12, 1),
(24, 0, '', '', 167, '2016-08-26 16:24:50', 12, 1),
(25, 3, 'testing', 'asdsadadasd', 123, '2016-08-26 20:01:07', 12, 1),
(26, 5, 'asdsad', 'asdsadasdasd', 123, '2016-08-26 20:12:21', 12, 1),
(27, 3, 'asdasdsadsadasdasd', 'asdsadasdasdsadasdsadsad', 123, '2016-08-26 20:13:26', 12, 1);

-- --------------------------------------------------------

--
-- Table structure for table `placereviews`
--

CREATE TABLE IF NOT EXISTS `placereviews` (
  `prid` int(10) NOT NULL AUTO_INCREMENT,
  `pricereview` int(4) NOT NULL,
  `subject` longtext NOT NULL,
  `review` longtext NOT NULL,
  `customerid` int(10) NOT NULL,
  `reviewgivendate` timestamp NOT NULL DEFAULT CURRENT_TIMESTAMP ON UPDATE CURRENT_TIMESTAMP,
  `placeid` int(10) NOT NULL,
  `status` int(2) NOT NULL DEFAULT '0' COMMENT '1:show,0:false',
  PRIMARY KEY (`prid`)
) ENGINE=InnoDB  DEFAULT CHARSET=latin1 AUTO_INCREMENT=22 ;

--
-- Dumping data for table `placereviews`
--

INSERT INTO `placereviews` (`prid`, `pricereview`, `subject`, `review`, `customerid`, `reviewgivendate`, `placeid`, `status`) VALUES
(1, 5, 'vhv', 'Cgvg', 48, '2016-08-21 13:23:24', 1, 1),
(2, 5, 'treat', 'Treat', 48, '2016-08-22 16:46:24', 3, 1),
(3, 5, 'Nice Temple', 'Yisushwh sushi y so he has striding cherry', 42, '2016-08-22 18:17:03', 7, 1),
(4, 0, '', '', 0, '2016-08-22 22:27:50', 0, 1),
(5, 3, 'j', 'j', 29, '2016-08-22 22:27:50', 3, 1),
(6, 0, '', '', 0, '2016-08-22 22:28:15', 0, 1),
(7, 0, '', '', 29, '2016-08-22 22:28:15', 6, 1),
(8, 0, '', '', 0, '2016-08-23 01:51:54', 0, 1),
(9, 0, '', '', 0, '2016-08-23 01:51:54', 0, 1),
(10, 2, 'po', 'po', 29, '2016-08-23 01:51:54', 1, 1),
(11, 2, 'po', 'po', 29, '2016-08-23 01:51:54', 1, 1),
(12, 1, 'ok', 'okl', 29, '2016-08-23 01:53:12', 1, 1),
(13, 4, 'test', 'test', 56, '2016-08-24 09:33:48', 1, 1),
(14, 3, 'good', 'historic', 56, '2016-08-24 12:16:09', 1, 1),
(15, 2, 'asdsad', 'a', 56, '2016-08-24 12:16:17', 1, 1),
(16, 0, '', '', 56, '2016-08-24 12:16:42', 1, 1),
(17, 3, 'testn', 'testn', 56, '2016-08-24 12:37:33', 1, 1),
(18, 3, 'sdadsad', 'sadasdsad', 123, '2016-08-26 20:15:51', 1, 1),
(19, 4, 'good', 'good', 123, '2016-08-26 20:21:22', 1, 1),
(20, 5, 'Excellent Place', 'Excellent Place', 123, '2016-08-28 11:42:15', 25, 1),
(21, 2, 's', 'oki', 123, '2016-08-30 06:18:04', 2, 1);

-- --------------------------------------------------------

--
-- Table structure for table `resortreviews`
--

CREATE TABLE IF NOT EXISTS `resortreviews` (
  `rrid` int(10) NOT NULL AUTO_INCREMENT,
  `pricereview` int(4) NOT NULL,
  `subject` longtext NOT NULL,
  `review` longtext NOT NULL,
  `customerid` int(10) NOT NULL,
  `reviewgivendate` timestamp NOT NULL DEFAULT CURRENT_TIMESTAMP ON UPDATE CURRENT_TIMESTAMP,
  `resortname` varchar(75) NOT NULL,
  `status` int(2) NOT NULL DEFAULT '0',
  PRIMARY KEY (`rrid`)
) ENGINE=InnoDB  DEFAULT CHARSET=latin1 AUTO_INCREMENT=67 ;

--
-- Dumping data for table `resortreviews`
--

INSERT INTO `resortreviews` (`rrid`, `pricereview`, `subject`, `review`, `customerid`, `reviewgivendate`, `resortname`, `status`) VALUES
(19, 4, 'good resort', 'Good service', 1, '2016-08-22 23:53:49', '3', 1),
(22, 3, 'g', 'g', 29, '2016-08-23 01:28:54', '4', 1),
(23, 5, 'very good', 'good', 29, '2016-08-23 01:37:19', '4', 1),
(24, 2, 'k', 'k', 29, '2016-08-23 01:39:04', '4', 1),
(25, 2, 'zoo', 'zoo', 29, '2016-08-23 01:56:57', '1', 1),
(26, 5, '', '', 1, '2016-08-23 01:59:28', '3', 1),
(27, 5, '', '', 1, '2016-08-23 01:59:32', '3', 1),
(28, 5, 'good place', '', 1, '2016-08-23 02:11:46', '4', 1),
(29, 0, '', '', 42, '2016-08-23 02:18:51', '3', 1),
(30, 0, '', '', 56, '2016-08-24 09:32:56', '1', 1),
(31, 3, 'test', 'tets', 56, '2016-08-24 09:33:12', '4', 1),
(32, 0, '', '', 56, '2016-08-24 09:34:31', '1', 1),
(33, 4, 'tet', 'rest', 56, '2016-08-24 09:34:44', '1', 1),
(34, 0, '', '', 56, '2016-08-24 10:48:36', '1', 1),
(35, 0, '', '', 56, '2016-08-24 10:49:57', '1', 1),
(36, 0, '', '', 56, '2016-08-24 10:52:14', '1', 1),
(37, 0, '', '', 56, '2016-08-24 10:54:34', '1', 1),
(38, 0, '', '', 56, '2016-08-24 10:54:39', '1', 1),
(39, 0, '', '', 56, '2016-08-24 10:55:48', '1', 1),
(40, 3, 'tesst', 'tstest', 56, '2016-08-24 11:15:17', '4', 1),
(41, 0, 'a', '', 56, '2016-08-24 12:03:59', '4', 1),
(42, 0, '', 'a', 56, '2016-08-24 12:04:13', '4', 1),
(43, 0, 'a', '', 56, '2016-08-24 12:04:32', '4', 1),
(44, 0, 'a', 's', 56, '2016-08-24 12:05:29', '4', 1),
(45, 3, 'test', 'test', 56, '2016-08-24 12:29:02', '1', 1),
(46, 3, 'a', 'b', 56, '2016-08-24 12:36:31', '4', 1),
(47, 4, 'test', 'test', 56, '2016-08-24 12:36:43', '4', 1),
(48, 3, 'testn', 'testn', 56, '2016-08-24 12:38:06', '1', 1),
(49, 0, 's', '', 42, '2016-08-24 12:49:32', '4', 1),
(50, 2, '', '', 123, '2016-08-26 13:24:28', '1', 1),
(51, 3, 'Good one', 'Nice place to visit', 167, '2016-08-26 16:09:00', '1', 1),
(52, 0, '', '', 167, '2016-08-26 16:44:05', '1', 1),
(53, 0, '', '', 123, '2016-08-26 19:26:35', '4', 1),
(54, 0, '', '', 123, '2016-08-26 19:27:36', '4', 1),
(55, 1, 'ASDSA', 'SADASD', 123, '2016-08-26 19:39:43', '4', 1),
(56, 3, 'ASDSA', 'ASDASD', 123, '2016-08-26 19:39:55', '4', 1),
(57, 0, '', '', 123, '2016-08-26 19:40:04', '4', 1),
(58, 0, '', '', 123, '2016-08-26 19:42:57', '4', 1),
(59, 0, '', '', 123, '2016-08-26 19:44:13', '4', 1),
(60, 0, '', '', 123, '2016-08-26 19:51:37', '4', 1),
(61, 2, 'asdas', 'asdsad', 123, '2016-08-26 19:53:00', '4', 1),
(62, 2, 'asdasd', 'asdasd', 123, '2016-08-26 19:53:13', '4', 1),
(63, 4, 'sadsadasd', 'asdsadsadasdasd', 123, '2016-08-26 19:53:29', '4', 1),
(64, 3, 'asdas', 'asdasdddd', 123, '2016-08-26 20:26:38', '1', 1),
(65, 5, 'goood', 'niceeee', 123, '2016-08-26 20:26:58', '1', 1),
(66, 3, 'sdfsd', 'sdfdsf', 123, '2016-08-28 11:53:39', '1', 1);

-- --------------------------------------------------------

--
-- Table structure for table `smssettings`
--

CREATE TABLE IF NOT EXISTS `smssettings` (
  `id` int(5) NOT NULL AUTO_INCREMENT,
  `url` varchar(75) NOT NULL,
  `username` varchar(45) NOT NULL,
  `password` varchar(45) NOT NULL,
  `senderid` varchar(45) NOT NULL,
  PRIMARY KEY (`id`)
) ENGINE=InnoDB  DEFAULT CHARSET=latin1 AUTO_INCREMENT=2 ;

--
-- Dumping data for table `smssettings`
--

INSERT INTO `smssettings` (`id`, `url`, `username`, `password`, `senderid`) VALUES
(1, 'http://smslogin.mobi/spanelv2/api.php?username=', 'adepto', 'adepto@123', 'ADEPTO');

-- --------------------------------------------------------

--
-- Table structure for table `taxmaster`
--

CREATE TABLE IF NOT EXISTS `taxmaster` (
  `taxid` int(10) NOT NULL AUTO_INCREMENT,
  `servicetax` int(5) NOT NULL,
  `swachcess` decimal(10,2) NOT NULL,
  `krishicess` decimal(10,2) NOT NULL,
  `kidsmealtax` int(5) NOT NULL,
  PRIMARY KEY (`taxid`)
) ENGINE=InnoDB  DEFAULT CHARSET=latin1 AUTO_INCREMENT=2 ;

--
-- Dumping data for table `taxmaster`
--

INSERT INTO `taxmaster` (`taxid`, `servicetax`, `swachcess`, `krishicess`, `kidsmealtax`) VALUES
(1, 14, '0.50', '0.50', 10);

-- --------------------------------------------------------

--
-- Table structure for table `tblbookings`
--

CREATE TABLE IF NOT EXISTS `tblbookings` (
  `bookingid` int(10) unsigned NOT NULL AUTO_INCREMENT,
  `bookingtypeid` int(10) unsigned DEFAULT NULL,
  `date` date DEFAULT NULL,
  `dateofvisit` date NOT NULL,
  `userid` int(10) unsigned DEFAULT NULL,
  `quantity` int(10) DEFAULT NULL,
  `amount` varchar(45) DEFAULT NULL,
  `booking_status` varchar(45) DEFAULT NULL,
  `payment_status` varchar(45) DEFAULT NULL,
  `ticketnumber` varchar(90) DEFAULT NULL,
  `packageid` varchar(45) DEFAULT NULL,
  `visitorstatus` varchar(45) DEFAULT NULL,
  `vendorid` int(10) NOT NULL,
  `childqty` int(10) DEFAULT NULL,
  `kidsmealqty` int(5) DEFAULT '0',
  `ipaddress` varchar(150) NOT NULL,
  `flag` int(10) NOT NULL DEFAULT '0',
  PRIMARY KEY (`bookingid`)
) ENGINE=InnoDB  DEFAULT CHARSET=latin1 AUTO_INCREMENT=267 ;

--
-- Dumping data for table `tblbookings`
--

INSERT INTO `tblbookings` (`bookingid`, `bookingtypeid`, `date`, `dateofvisit`, `userid`, `quantity`, `amount`, `booking_status`, `payment_status`, `ticketnumber`, `packageid`, `visitorstatus`, `vendorid`, `childqty`, `kidsmealqty`, `ipaddress`, `flag`) VALUES
(1, NULL, '2016-08-21', '2016-08-24', 1, 1, '44.15', 'pending', 'pending', '20160821020820000000', '1', 'absent', 24, 1, 0, '', 0),
(2, NULL, '2016-08-21', '2016-08-23', 1, 1, '66.23', 'pending', 'pending', '20160821020850000000', '16', 'absent', 24, 1, 0, '', 0),
(3, NULL, '2016-08-21', '2016-08-23', 25, 2, '2207.50', 'pending', 'pending', '20160821023127000000', '21', 'absent', 25, 1, 0, '', 0),
(4, NULL, '2016-08-21', '2016-10-19', 26, 1, '2759.38', 'pending', 'pending', '20160821023706000000', '24', 'absent', 28, 0, 0, '', 0),
(5, NULL, '2016-08-21', '2016-09-04', 27, 2, '2207.50', 'pending', 'pending', '20160821025126000000', '18', 'absent', 25, 2, 0, '', 0),
(6, NULL, '0000-00-00', '2016-08-20', 0, 3, NULL, 'pending', 'pending', '20160821122219000000', '19', 'absent', 25, 0, 0, '', 0),
(7, NULL, '2016-08-21', '2016-08-23', 28, 1, '2787.50', 'pending', 'pending', '20160821061406000000', '22', 'absent', 26, 0, 0, '', 0),
(8, NULL, '0000-00-00', '1970-01-01', 0, 1, NULL, 'pending', 'pending', '20160821041150000000', '1', 'absent', 0, 0, 0, '', 0),
(9, NULL, '0000-00-00', '2016-08-22', 0, 1, NULL, 'pending', 'pending', '20160821041635000000', '17', 'absent', 25, 0, 0, '', 0),
(10, NULL, '0000-00-00', '2016-08-20', 0, 3, NULL, 'pending', 'pending', '20160821043150000000', '24', 'absent', 0, 0, 0, '', 0),
(11, NULL, '0000-00-00', '2016-08-22', 0, 2, NULL, 'pending', 'pending', '20160821043413000000', '14', 'absent', 25, 3, 0, '', 0),
(12, NULL, '0000-00-00', '1970-01-01', 0, 3, NULL, 'pending', 'pending', '20160821043528000000', '1', 'absent', 0, 3, 0, '', 0),
(13, NULL, '0000-00-00', '2016-08-21', 0, 3, NULL, 'pending', 'pending', '20160821063442000000', '21', 'absent', 25, 0, 0, '', 0),
(14, NULL, '2016-08-22', '2016-08-23', 25, 2, '78.06', 'booked', 'paid', '20160822012200000000', '1', 'absent', 24, 1, 2, '', 0),
(15, NULL, '2016-08-22', '2016-08-23', 25, 2, '80', 'booked', 'paid', '20160822023752000000', '1', 'absent', 24, 2, 0, '', 0),
(16, NULL, '2016-08-22', '2016-08-23', 25, 1, '60', 'booked', 'paid', '20160822023752000000', '16', 'absent', 24, 1, 0, '', 0),
(17, NULL, '2016-08-22', '2016-09-04', 31, 1, '557.50', 'booked', 'paid', '20160822040435000000', '17', 'absent', 25, 1, 0, '', 0),
(18, NULL, '2016-08-22', '2016-08-31', 32, 1, '40', 'booked', 'paid', '20160822040717000000', '1', 'absent', 24, 1, 0, '', 0),
(19, NULL, '2016-08-22', '2016-08-23', 33, 2, '133.80', 'booked', 'paid', '20160822041718000000', '16', 'absent', 24, 2, 2, '', 0),
(20, NULL, '2016-08-22', '2016-08-23', 34, 2, '78.06', 'pending', 'pending', '20160822043138000000', '1', 'absent', 24, 1, 0, '', 0),
(21, NULL, '2016-08-22', '2016-08-23', 35, 2, '78.06', 'booked', 'paid', '20160822043938000000', '1', 'absent', 24, 1, 2, '', 0),
(22, NULL, '2016-08-22', '2016-08-23', 36, 2, '89.20', 'booked', 'paid', '20160822045151000000', '1', 'absent', 24, 2, 0, '', 0),
(23, NULL, '2016-08-22', '2016-08-23', 37, 2, '133.80', 'booked', 'paid', '20160822052149000000', '1', 'visited', 24, 1, 1, '', 0),
(24, NULL, '2016-08-22', '2016-08-29', 38, 2, '2230.00', 'booked', 'paid', '20160822073253000000', '21', 'visited', 25, 0, 0, '', 0),
(25, NULL, '2016-08-22', '2016-08-22', 39, 2, '2230.00', 'booked', 'paid', '20160822074235000000', '21', 'visited', 25, 0, 0, '', 0),
(26, NULL, '2016-08-22', '2016-08-29', 25, 2, '2230.00', 'booked', 'paid', '20160822075030000000', '21', 'visited', 25, 0, 0, '', 0),
(27, NULL, '2016-08-22', '2016-08-22', 40, 1, '33.46', 'booked', 'paid', '20160822080539000000', '1', 'absent', 24, 0, 0, '', 0),
(28, NULL, '2016-08-22', '2016-08-22', 42, 2, '133.80', 'booked', 'paid', '20160822090302000000', '1', 'absent', 24, 1, 1, '', 0),
(29, NULL, '2016-08-22', '2016-08-22', 1, 1, '557.50', 'pending', 'pending', '20160822091436000000', '17', 'absent', 25, 1, 0, '', 0),
(30, NULL, '2016-08-22', '2016-08-23', 42, 2, '189.56', 'booked', 'paid', '20160822094139000000', '1', 'absent', 24, 1, 2, '', 0),
(31, NULL, '2016-08-22', '2016-08-23', 1, 1, '3345.00', 'booked', 'paid', '20160822095840000000', '14', 'absent', 25, 1, 0, '', 0),
(32, NULL, '2016-08-22', '2016-08-23', 42, 2, '189.56', 'booked', 'paid', '20160822095918000000', '1', 'absent', 24, 1, 2, '', 0),
(33, NULL, '2016-08-22', '2016-08-23', 1, 1, '14495.00', 'booked', 'paid', '20160822100252000000', '15', 'absent', 25, 1, 0, '', 0),
(34, NULL, '2016-08-22', '2016-08-23', 1, 2, '28990.00', 'pending', 'pending', '20160822101135000000', '15', 'absent', 25, 1, 0, '', 0),
(35, NULL, '2016-08-22', '2016-08-23', 1, 1, '3345.00', 'booked', 'paid', '20160822102017000000', '14', 'visited', 25, 1, 0, '', 0),
(36, NULL, '2016-08-22', '2016-08-23', 42, 2, '66.90', 'booked', 'paid', '20160822111359000000', '1', 'absent', 24, 0, 0, '', 0),
(37, NULL, '2016-08-22', '2016-08-24', 42, 2, '66.90', 'booked', 'paid', '20160822111606000000', '1', 'absent', 24, 0, 0, '', 0),
(38, NULL, '2016-08-22', '2016-08-22', 42, 2, '189.56', 'booked', 'paid', '20160822112543000000', '1', 'absent', 24, 1, 2, '', 0),
(39, NULL, '2016-08-22', '2016-08-24', 42, 2, '66.90', 'booked', 'paid', '20160822114803000000', '1', 'absent', 24, 0, 0, '', 0),
(40, NULL, '0000-00-00', '2016-08-24', 0, 1, NULL, 'pending', 'pending', '20160822095640000000', '24', 'absent', 0, 0, 0, '', 0),
(41, NULL, '0000-00-00', '2016-08-24', 0, 1, NULL, 'pending', 'pending', '20160822095656000000', '24', 'absent', 0, 0, 0, '', 0),
(42, NULL, '0000-00-00', '0000-00-00', 0, 2, NULL, 'pending', 'pending', '20160822101703000000', '1', 'absent', 24, 1, 0, '', 0),
(43, NULL, '0000-00-00', '0000-00-00', 0, 2, NULL, 'pending', 'pending', '20160822101818000000', '1', 'absent', 24, 0, 0, '', 0),
(44, NULL, '0000-00-00', '0000-00-00', 0, 2, NULL, 'pending', 'pending', '20160822101917000000', '1', 'absent', 24, 0, 0, '', 0),
(45, NULL, '0000-00-00', '0000-00-00', 0, 2, NULL, 'pending', 'pending', '20160822102647000000', '1', 'absent', 24, 0, 0, '', 0),
(46, NULL, '0000-00-00', '0000-00-00', 0, 2, NULL, 'pending', 'pending', '20160822103803000000', '1', 'absent', 24, 2, 0, '', 0),
(47, NULL, '0000-00-00', '2016-09-02', 0, 2, NULL, 'pending', 'pending', '20160822104020000000', '21', 'absent', 25, 0, 0, '', 0),
(48, NULL, '0000-00-00', '2016-08-24', 0, 2, NULL, 'pending', 'pending', '20160822105747000000', '24', 'absent', 0, 0, 0, '', 0),
(49, NULL, '2016-08-23', '2016-09-03', 1, 1, '1115.00', 'booked', 'paid', '20160823050831000000', '21', 'absent', 25, 1, 0, '', 0),
(50, NULL, '0000-00-00', '0000-00-00', 0, 2, NULL, 'pending', 'pending', '20160822113855000000', '1', 'absent', 24, 0, 0, '', 0),
(51, NULL, '0000-00-00', '2016-08-22', 0, 1, NULL, 'pending', 'pending', '20160823010606000000', '15', 'absent', 25, 0, 0, '', 0),
(52, NULL, '0000-00-00', '2016-08-24', 0, 2, NULL, 'pending', 'pending', '20160823014227000000', '24', 'absent', 0, 0, 0, '', 0),
(53, NULL, '0000-00-00', '0000-00-00', 0, 1, NULL, 'pending', 'pending', '20160823015836000000', '1', 'absent', 24, 1, 0, '', 0),
(54, NULL, '0000-00-00', '2016-08-23', 0, 2, NULL, 'pending', 'pending', '20160823021452000000', '21', 'absent', 25, 0, 0, '', 0),
(55, NULL, '0000-00-00', '2016-08-23', 0, 2, NULL, 'pending', 'pending', '20160823040328000000', '21', 'absent', 25, 0, 0, '', 0),
(56, NULL, '0000-00-00', '2016-08-23', 0, 2, NULL, 'pending', 'pending', '20160823040538000000', '14', 'absent', 25, 0, 0, '', 0),
(57, NULL, '0000-00-00', '2016-08-24', 0, 1, NULL, 'pending', 'pending', '20160823043232000000', '21', 'absent', 25, 1, 0, '', 0),
(58, NULL, '2016-08-23', '2016-08-29', 46, 2, '8585.50', 'pending', 'pending', '20160823102112000000', '23', 'absent', 27, 0, 0, '', 0),
(59, NULL, '2016-08-23', '2016-08-29', 47, 2, '8585.50', 'pending', 'pending', '20160823102145000000', '23', 'absent', 27, 0, 0, '', 0),
(60, NULL, '2016-08-23', '2016-08-29', 48, 2, '66.90', 'pending', 'pending', '20160823102707000000', '1', 'absent', 24, 0, 0, '', 0),
(61, NULL, '0000-00-00', '2016-08-23', 0, 2, NULL, 'pending', 'pending', '20160823050630000000', '14', 'absent', 25, 2, 0, '', 0),
(62, NULL, '2016-08-23', '2016-08-29', 49, 2, '66.90', 'pending', 'pending', '20160823110730000000', '1', 'absent', 24, 0, 0, '', 0),
(63, NULL, '2016-08-23', '2016-08-23', 50, 1, '33.46', 'pending', 'pending', '20160823121541000000', '1', 'absent', 24, 0, 0, '', 0),
(64, NULL, '2016-08-23', '2016-08-24', 51, 1, '4292.76', 'pending', 'pending', '20160823024951000000', '23', 'absent', 27, 1, 0, '', 0),
(65, NULL, '2016-08-23', '2016-08-23', 52, 1, '1115.00', 'pending', 'pending', '20160823063347000000', '21', 'absent', 25, 0, 0, '', 0),
(66, NULL, '2016-08-23', '2016-08-24', 26, 1, '33.46', 'booked', 'paid', '20160823071806000000', '1', 'absent', 24, 0, 0, '', 0),
(67, NULL, '2016-08-23', '2016-08-24', 53, 1, '89.20', 'booked', 'paid', '20160823072838000000', '1', 'absent', 24, 0, 1, '', 0),
(68, NULL, '2016-08-23', '2016-08-24', 54, 1, '2787.50', 'booked', 'paid', '20160823073647000000', '22', 'absent', 26, 1, 0, '', 0),
(69, NULL, '0000-00-00', '2016-08-23', 55, 1, NULL, 'pending', 'pending', '20160823021020000000', '21', 'absent', 25, 0, 0, '', 0),
(70, NULL, '2016-08-23', '2016-08-24', 1, 1, '4292.76', 'booked', 'paid', '20160823075728000000', '23', 'visited', 27, 1, 0, '', 0),
(71, NULL, '2016-08-23', '2016-08-25', 1, 3, '133.80', 'booked', 'paid', '20160823080025000000', '1', 'absent', 24, 3, 0, '', 0),
(72, NULL, '0000-00-00', '0000-00-00', 57, 3, NULL, 'pending', 'pending', '20160823023551000000', '1', 'absent', 24, 0, 0, '', 0),
(73, NULL, '0000-00-00', '1970-01-01', 0, 3, NULL, 'pending', 'pending', '20160823024024000000', '1', 'absent', 0, 0, 0, '', 0),
(74, NULL, '2016-08-23', '2016-08-23', 26, 2, '66.90', 'failed', 'failed', '20160823081920000000', '1', 'absent', 24, 0, 0, '', 0),
(75, NULL, '0000-00-00', '2016-08-24', 58, 1, NULL, 'pending', 'pending', '20160823032319000000', '24', 'absent', 28, 0, 0, '', 0),
(76, NULL, '0000-00-00', '2016-08-30', 0, 1, NULL, 'pending', 'pending', '20160823032537000000', '24', 'absent', 0, 0, 0, '', 0),
(77, NULL, '0000-00-00', '0000-00-00', 0, 1, NULL, 'pending', 'pending', '20160823032707000000', '1', 'absent', 24, 1, 0, '', 0),
(78, NULL, '2016-08-23', '2016-08-23', 56, 2, '60', 'booked', 'paid', '20160823091326000000', '1', 'absent', 24, 0, 0, '', 0),
(79, NULL, '2016-08-23', '2016-08-25', 61, 2, '89.20', 'booked', 'paid', '20160823091719000000', '1', 'absent', 24, 2, 0, '', 0),
(80, NULL, '0000-00-00', '1970-01-01', 0, 1, NULL, 'pending', 'pending', '20160823050036000000', '1', 'absent', 0, 0, 0, '', 0),
(81, NULL, '2016-08-24', '2016-08-25', 65, 1, '100.36', 'pending', 'pending', '20160824105931000000', '1', 'absent', 24, 1, 1, '', 0),
(82, NULL, '2016-08-24', '2016-08-25', 66, 1, '1115.00', 'pending', 'pending', '20160824114113000000', '19', 'absent', 25, 0, 0, '', 0),
(83, NULL, '2016-08-24', '2016-08-26', 66, 2, '4460.00', 'pending', 'pending', '20160824114214000000', '20', 'absent', 25, 0, 0, '', 0),
(84, NULL, '2016-08-24', '2016-08-24', 66, 2, '6690.00', 'pending', 'pending', '20160824114305000000', '14', 'absent', 25, 0, 0, '', 0),
(85, NULL, '2016-08-24', '2016-08-26', 66, 1, '100.36', 'pending', 'pending', '20160824114357000000', '1', 'absent', 24, 1, 1, '', 0),
(86, NULL, '2016-08-24', '2016-08-25', 56, 1, '55.76', 'booked', 'paid', '20160824123051000000', '1', 'absent', 24, 2, 0, '', 0),
(87, NULL, '2016-08-24', '2016-08-25', 66, 1, '100.36', 'failed', 'failed', '20160824124048000000', '1', 'absent', 24, 1, 1, '', 0),
(88, NULL, '2016-08-24', '2016-08-24', 67, 2, '78.06', 'pending', 'pending', '20160824124345000000', '1', 'absent', 24, 1, 0, '', 0),
(89, NULL, '2016-08-24', '2016-08-26', 66, 2, '2230.00', 'failed', 'failed', '20160824124409000000', '21', 'absent', 25, 0, 0, '', 0),
(90, NULL, '2016-08-24', '2016-08-24', 68, 2, '78.06', 'failed', 'failed', '20160824125332000000', '1', 'absent', 24, 1, 0, '', 0),
(91, NULL, '2016-08-24', '2016-08-25', 69, 2, '2230.00', 'booked', 'paid', '20160824010418000000', '21', 'absent', 25, 1, 0, '', 0),
(92, NULL, '2016-08-24', '2016-08-26', 56, 1, '44.60', 'pending', 'pending', '20160824011204000000', '1', 'absent', 24, 1, 0, '', 0),
(93, NULL, '2016-08-24', '2016-08-31', 56, 1, '156.10', 'booked', 'paid', '20160824011223000000', '1', 'absent', 24, 1, 2, '', 0),
(94, NULL, '2016-08-24', '2016-08-26', 70, 1, '100.36', 'booked', 'paid', '20160824013711000000', '1', 'absent', 24, 1, 1, '', 0),
(95, NULL, '0000-00-00', '1970-01-01', 0, 2, NULL, 'pending', 'pending', '20160824080803000000', '1', 'absent', 0, 2, 0, '', 0),
(96, NULL, '0000-00-00', '0000-00-00', 0, 2, NULL, 'pending', 'pending', '20160824084103000000', '1', 'absent', 24, 0, 0, '', 0),
(97, NULL, '2016-08-24', '2016-08-25', 71, 2, '2230.00', 'booked', 'paid', '20160824022316000000', '21', 'absent', 25, 0, 0, '', 0),
(98, NULL, '2016-08-24', '2016-08-25', 72, 2, '80', 'booked', 'paid', '20160824024720000000', '1', 'absent', 24, 2, 2, '', 0),
(99, NULL, '0000-00-00', '0000-00-00', 73, 3, NULL, 'pending', 'pending', '20160824092224000000', '1', 'absent', 24, 0, 0, '', 0),
(100, NULL, '0000-00-00', '0000-00-00', 74, 3, NULL, 'pending', 'pending', '20160824092951000000', '1', 'absent', 24, 0, 0, '', 0),
(101, NULL, '2016-08-24', '2016-08-24', 75, 2, '70', 'booked', 'paid', '20160824032743000000', '1', 'absent', 24, 1, 0, '', 0),
(102, NULL, '2016-08-24', '2016-08-24', 76, 2, '70', 'pending', 'pending', '20160824033448000000', '1', 'absent', 24, 1, 1, '', 0),
(103, NULL, '2016-08-24', '2016-08-24', 77, 2, '70', 'booked', 'paid', '20160824034019000000', '1', 'absent', 24, 1, 1, '', 0),
(104, NULL, '0000-00-00', '1970-01-01', 0, 1, NULL, 'pending', 'pending', '20160824102229000000', '1', 'absent', 0, 0, 0, '', 0),
(105, NULL, '2016-08-24', '2016-08-24', 78, 2, '70', 'booked', 'paid', '20160824041256000000', '1', 'absent', 24, 1, 2, '', 0),
(106, NULL, '0000-00-00', '0000-00-00', 82, 1, NULL, 'pending', 'pending', '20160824110142000000', '1', 'absent', 24, 0, 0, '', 0),
(107, NULL, '0000-00-00', '0000-00-00', 0, 2, NULL, 'pending', 'pending', '20160824110247000000', '1', 'absent', 24, 0, 0, '', 0),
(108, NULL, '0000-00-00', '0000-00-00', 0, 1, NULL, 'pending', 'pending', '20160824110510000000', '1', 'absent', 24, 0, 0, '', 0),
(109, NULL, '0000-00-00', '0000-00-00', 0, 1, NULL, 'pending', 'pending', '20160824110631000000', '1', 'absent', 24, 0, 0, '', 0),
(110, NULL, '0000-00-00', '0000-00-00', 0, 1, NULL, 'pending', 'pending', '20160824110746000000', '1', 'absent', 24, 0, 0, '', 0),
(111, NULL, '2016-08-24', '2016-08-24', 67, 2, '80', 'pending', 'pending', '20160824043806000000', '1', 'absent', 24, 2, 0, '', 0),
(112, NULL, '2016-08-24', '2016-08-24', 67, 2, '80', 'booked', 'paid', '20160824043900000000', '1', 'absent', 24, 2, 0, '', 0),
(113, NULL, '0000-00-00', '0000-00-00', 0, 1, NULL, 'pending', 'pending', '20160824110901000000', '1', 'absent', 24, 0, 0, '', 0),
(114, NULL, '0000-00-00', '0000-00-00', 0, 1, NULL, 'booked', 'paid', '20160824111342000000', '1', 'absent', 24, 0, 0, '', 0),
(115, NULL, '0000-00-00', '0000-00-00', 0, 3, NULL, 'booked', 'paid', '20160824111517000000', '1', 'absent', 24, 0, 0, '', 0),
(116, NULL, '2016-08-24', '2016-08-24', 83, 2, '70', 'booked', 'paid', '20160824044645000000', '1', 'absent', 24, 1, 0, '', 0),
(117, NULL, '0000-00-00', '0000-00-00', 0, 1, NULL, 'booked', 'paid', '20160824112020000000', '1', 'absent', 24, 0, 0, '', 0),
(118, NULL, '0000-00-00', '0000-00-00', 0, 1, NULL, 'booked', 'paid', '20160824113829000000', '1', 'absent', 24, 0, 0, '', 0),
(119, NULL, '2016-08-24', '2016-08-25', 84, 1, '100.36', 'booked', 'paid', '20160824051109000000', '1', 'absent', 24, 1, 1, '', 0),
(120, NULL, '0000-00-00', '2016-08-24', 85, 2, NULL, 'booked', 'paid', '20160824010635000000', '21', 'absent', 25, 0, 0, '', 0),
(121, NULL, '0000-00-00', '0000-00-00', 0, 2, NULL, 'booked', 'paid', '20160824011459000000', '1', 'absent', 24, 1, 0, '', 0),
(122, NULL, '0000-00-00', '2016-08-24', 86, 2, NULL, 'booked', 'paid', '20160824012339000000', '21', 'absent', 25, 2, 0, '', 0),
(123, NULL, '0000-00-00', '2016-08-24', 0, 2, NULL, 'booked', 'paid', '20160824014221000000', '21', 'absent', 25, 0, 0, '', 0),
(124, NULL, '0000-00-00', '2016-08-24', 0, 2, NULL, 'booked', 'paid', '20160824020531000000', '24', 'absent', 0, 0, 0, '', 0),
(125, NULL, '0000-00-00', '2016-08-24', 0, 2, NULL, 'booked', 'paid', '20160824020706000000', '24', 'absent', 0, 0, 0, '', 0),
(126, NULL, '0000-00-00', '2016-08-24', 90, 2, NULL, 'booked', 'paid', '20160824021023000000', '24', 'absent', 28, 0, 0, '', 0),
(127, NULL, '0000-00-00', '2016-08-24', 0, 2, NULL, 'booked', 'paid', '20160824030233000000', '24', 'absent', 0, 0, 0, '', 0),
(128, NULL, '0000-00-00', '2016-08-24', 94, 2, NULL, 'booked', 'paid', '20160824031120000000', '24', 'absent', 28, 0, 0, '', 0),
(129, NULL, '2016-08-24', '2016-08-24', 67, 2, '78.06', 'pending', 'pending', '20160824091757000000', '1', 'absent', 24, 1, 0, '', 0),
(130, NULL, '2016-08-24', '2016-08-24', 95, 2, '78.06', 'booked', 'paid', '20160824092533000000', '1', 'absent', 24, 1, 0, '', 0),
(131, NULL, '0000-00-00', '2016-08-25', 0, 2, NULL, 'pending', 'pending', '20160825053401000000', '24', 'absent', 0, 0, 0, '', 0),
(132, NULL, '0000-00-00', '2016-08-25', 98, 2, NULL, 'booked', 'paid', '20160825055352000000', '24', 'absent', 28, 0, 0, '', 0),
(133, NULL, '2016-08-25', '2016-08-29', 1, 1, '44.60', 'booked', 'paid', '20160825123046000000', '1', 'absent', 24, 1, 0, '', 0),
(134, NULL, '0000-00-00', '2016-08-25', 0, 2, NULL, 'booked', 'paid', '20160825071726000000', '24', 'absent', 0, 0, 0, '', 0),
(135, NULL, '0000-00-00', '2016-08-25', 0, 2, NULL, 'pending', 'pending', '20160825072744000000', '24', 'absent', 0, 0, 0, '', 0),
(136, NULL, '0000-00-00', '2016-08-25', 0, 2, NULL, 'pending', 'pending', '20160825073726000000', '24', 'absent', 0, 0, 0, '', 0),
(137, NULL, '0000-00-00', '2016-08-25', 0, 1, NULL, 'pending', 'pending', '20160825073837000000', '23', 'absent', 0, 0, 0, '', 0),
(138, NULL, '0000-00-00', '2016-08-25', 0, 2, NULL, 'pending', 'pending', '20160825073943000000', '23', 'absent', 0, 2, 0, '', 0),
(139, NULL, '0000-00-00', '2016-08-25', 0, 2, NULL, 'pending', 'pending', '20160825074048000000', '24', 'absent', 0, 0, 0, '', 0),
(140, NULL, '0000-00-00', '2016-08-25', 0, 2, NULL, 'pending', 'pending', '20160825074319000000', '24', 'absent', 0, 0, 0, '', 0),
(141, NULL, '0000-00-00', '2016-08-25', 0, 2, NULL, 'pending', 'pending', '20160825074434000000', '24', 'absent', 0, 0, 0, '', 0),
(142, NULL, '0000-00-00', '2016-08-25', 0, 2, NULL, 'pending', 'pending', '20160825074558000000', '24', 'absent', 0, 0, 0, '', 0),
(143, NULL, '0000-00-00', '2016-08-25', 0, 2, NULL, 'pending', 'pending', '20160825074623000000', '24', 'absent', 0, 0, 0, '', 0),
(144, NULL, '0000-00-00', '2016-08-25', 0, 2, NULL, 'pending', 'pending', '20160825075417000000', '24', 'absent', 0, 0, 0, '', 0),
(145, NULL, '0000-00-00', '2016-08-25', 0, 2, NULL, 'pending', 'pending', '20160825075634000000', '24', 'absent', 0, 0, 0, '', 0),
(146, NULL, '0000-00-00', '2016-08-25', 0, 2, NULL, 'pending', 'pending', '20160825075817000000', '24', 'absent', 0, 0, 0, '', 0),
(147, NULL, '0000-00-00', '2016-08-25', 123, 2, NULL, 'pending', 'pending', '20160825082502000000', '24', 'absent', 0, 0, 0, '', 0),
(148, NULL, '0000-00-00', '2016-08-25', 123, 2, NULL, 'pending', 'pending', '20160825082841000000', '24', 'absent', 0, 0, 0, '', 0),
(149, NULL, '0000-00-00', '2016-08-25', 123, 2, NULL, 'pending', 'pending', '20160825083447000000', '24', 'absent', 28, 0, 0, '', 0),
(150, NULL, '0000-00-00', '2016-08-25', 123, 2, NULL, 'pending', 'pending', '20160825092324000000', '24', 'absent', 28, 0, 0, '', 0),
(151, NULL, '0000-00-00', '0000-00-00', 0, 2, NULL, 'pending', 'pending', '20160825015440000000', '1', 'absent', 24, 0, 0, '', 0),
(152, NULL, '0000-00-00', '0000-00-00', 127, 3, NULL, 'pending', 'pending', '20160825072134000000', '1', 'absent', 24, 0, 0, '', 0),
(153, NULL, '0000-00-00', '2016-08-26', 123, 2, NULL, 'pending', 'pending', '20160826061025000000', '24', 'absent', 28, 0, 0, '', 0),
(154, NULL, '2016-08-26', '2016-08-26', 123, 2, NULL, 'pending', 'pending', '20160826061302000000', '24', 'absent', 28, 0, 0, '', 0),
(155, NULL, '2016-08-26', '2016-08-26', 123, 2, NULL, 'pending', 'pending', '20160826062320000000', '24', 'absent', 28, 0, 0, '', 0),
(156, NULL, '0000-00-00', '2016-08-26', 128, 2, NULL, 'pending', 'pending', '20160826062915000000', '24', 'absent', 28, 0, 0, '', 0),
(157, NULL, '2016-08-26', '2016-08-26', 128, 2, NULL, 'pending', 'pending', '20160826063337', '24', 'absent', 28, 0, 0, '', 0),
(158, NULL, '2016-08-26', '2016-08-26', 128, 2, NULL, 'pending', 'pending', '20160826063704', '24', 'absent', 28, 0, 0, '', 0),
(159, NULL, '2016-08-26', '2016-08-26', 130, 2, NULL, 'pending', 'pending', '20160826064427', '24', 'absent', 28, 0, 0, '', 0),
(160, NULL, '2016-08-26', '2016-08-26', 123, 2, NULL, 'pending', 'pending', '20160826065850000000', '21', 'absent', 25, 0, 0, '', 0),
(161, NULL, '2016-08-26', '2016-08-26', 123, 2, NULL, 'pending', 'pending', '20160826065944000000', '21', 'absent', 25, 0, 0, '', 0),
(162, NULL, '2016-08-26', '2016-08-26', 134, 2, NULL, 'pending', 'pending', '20160826071854000000', '21', 'absent', 25, 0, 0, '', 0),
(163, NULL, '2016-08-26', '2016-08-26', 135, 2, NULL, 'pending', 'pending', '20160826072457000000', '21', 'absent', 25, 0, 0, '', 0),
(164, NULL, '0000-00-00', '0000-00-00', 136, 2, NULL, 'pending', 'pending', '20160826073049000000', '1', 'absent', 24, 2, 0, '', 0),
(165, NULL, '0000-00-00', '0000-00-00', 137, 2, NULL, 'pending', 'pending', '20160826073319000000', '1', 'absent', 24, 2, 0, '', 0),
(166, NULL, '0000-00-00', '2016-08-26', 138, 2, NULL, 'pending', 'pending', '20160826074104000000', '1', 'absent', 24, 2, 0, '', 0),
(167, NULL, '2016-08-26', '2016-08-26', 0, 2, NULL, 'pending', 'pending', '20160826074617000000', '1', 'absent', 24, 2, 0, '', 0),
(168, NULL, '2016-08-26', '2016-08-26', 0, 2, NULL, 'pending', 'pending', '20160826075331000000', '1', 'absent', 24, 2, 0, '', 0),
(169, NULL, '2016-08-26', '2016-08-27', 139, 1, '89.20', 'booked', 'paid', '20160826013523000000', '1', 'absent', 24, 0, 1, '', 0),
(170, NULL, '2016-08-26', '2016-08-26', 0, 2, NULL, 'pending', 'pending', '20160826081155000000', '1', 'absent', 24, 2, 0, '', 0),
(171, NULL, '2016-08-26', '2016-08-26', 0, 2, NULL, 'pending', 'pending', '20160826081231000000', '1', 'absent', 24, 2, 0, '', 0),
(172, NULL, '2016-08-26', '2016-08-26', 123, 2, NULL, 'pending', 'pending', '20160826081718000000', '1', 'absent', 24, 2, 0, '', 0),
(173, NULL, '2016-08-26', '2016-08-26', 123, 2, NULL, 'pending', 'pending', '20160826082810000000', '24', 'absent', 28, 0, 0, '', 0),
(174, NULL, '2016-08-26', '2016-08-26', 123, 2, NULL, 'pending', 'pending', '20160826082854000000', '24', 'absent', 28, 0, 0, '', 0),
(175, NULL, '2016-08-26', '2016-08-26', 123, 2, NULL, 'pending', 'pending', '20160826083138000000', '24', 'absent', 28, 0, 0, '', 0),
(176, NULL, '2016-08-26', '2016-08-30', 140, 3, NULL, 'pending', 'pending', '20160826083628000000', '1', 'absent', 24, 0, 0, '', 0),
(177, NULL, '2016-08-26', '2016-08-31', 141, 3, NULL, 'pending', 'pending', '20160826084105000000', '1', 'absent', 24, 0, 0, '', 0),
(178, NULL, '2016-08-26', '2016-08-26', 123, 2, NULL, 'pending', 'pending', '20160826084254000000', '1', 'absent', 24, 0, 0, '', 0),
(179, NULL, '2016-08-26', '2016-08-26', 142, 2, NULL, 'pending', 'pending', '20160826084356000000', '1', 'absent', 24, 2, 0, '', 0),
(180, NULL, '2016-08-26', '2016-08-26', 143, 2, NULL, 'pending', 'pending', '20160826084501000000', '1', 'absent', 24, 1, 0, '', 0),
(181, NULL, '2016-08-26', '2016-08-31', 144, 2, NULL, 'pending', 'pending', '20160826084640000000', '1', 'absent', 24, 0, 0, '', 0),
(182, NULL, '2016-08-26', '2016-08-31', 1, 1, NULL, 'pending', 'pending', '20160826085209000000', '24', 'absent', 28, 1, 0, '', 0),
(183, NULL, '2016-08-26', '2016-08-26', 123, 2, NULL, 'pending', 'pending', '20160826085643000000', '24', 'absent', 28, 0, 0, '', 0),
(184, NULL, '2016-08-26', '2016-08-31', 145, 3, NULL, 'pending', 'pending', '20160826090409000000', '1', 'absent', 24, 0, 0, '', 0),
(185, NULL, '2016-08-26', '2016-08-27', 146, 1, '33.46', 'booked', 'paid', '20160826023639000000', '1', 'absent', 24, 0, 0, '', 0),
(186, NULL, '2016-08-26', '2016-08-26', 123, 2, NULL, 'pending', 'pending', '20160826091000000000', '24', 'absent', 28, 0, 0, '', 0),
(187, NULL, '2016-08-26', '2016-08-26', 123, 1, NULL, 'pending', 'pending', '20160826101535000000', '1', 'absent', 24, 0, 0, '', 0),
(188, NULL, '2016-08-26', '2016-08-26', 123, 1, NULL, 'pending', 'pending', '20160826102656000000', '1', 'absent', 24, 0, 0, '', 0),
(189, NULL, '2016-08-26', '2016-08-31', 147, 3, NULL, 'pending', 'pending', '20160826104603000000', '1', 'absent', 24, 0, 0, '', 0),
(190, NULL, '2016-08-26', '2016-08-27', 123, 2, NULL, 'booked', 'paid', '20160826104936000000', '24', 'absent', 28, 0, 0, '', 0),
(191, NULL, '2016-08-26', '2016-08-31', 148, 3, NULL, 'booked', 'paid', '20160826105448000000', '1', 'absent', 24, 0, 0, '', 0),
(192, NULL, '2016-08-26', '2016-08-26', 123, 2, NULL, 'booked', 'paid', '20160826110353000000', '1', 'absent', 24, 2, 0, '', 0),
(193, NULL, '2016-08-26', '2016-08-31', 1, 1, NULL, 'pending', 'pending', '20160826110806000000', '21', 'absent', 25, 0, 0, '', 0),
(194, NULL, '2016-08-26', '2016-08-31', 1, 1, NULL, 'pending', 'pending', '20160826111757000000', '1', 'absent', 24, 0, 0, '', 0),
(195, NULL, '2016-08-26', '2016-08-30', 1, 9, NULL, 'pending', 'pending', '20160826111904000000', '1', 'absent', 24, 0, 0, '', 0),
(196, NULL, '2016-08-26', '2016-08-26', 123, 1, NULL, 'booked', 'paid', '20160826112041000000', '1', 'absent', 24, 0, 0, '', 0),
(197, NULL, '2016-08-26', '2016-08-27', 123, 1, NULL, 'booked', 'paid', '20160826113126000000', '21', 'absent', 25, 0, 0, '', 0),
(198, NULL, '2016-08-26', '2016-08-26', 123, 1, NULL, 'pending', 'pending', '20160826113551000000', '1', 'absent', 24, 0, 0, '', 0),
(199, NULL, '2016-08-26', '2016-08-27', 123, 1, NULL, 'booked', 'paid', '20160826113639000000', '1', 'absent', 24, 0, 0, '', 0),
(200, NULL, '2016-08-26', '2016-08-26', 1, 5, NULL, 'pending', 'pending', '20160826114443000000', '1', 'absent', 24, 5, 0, '', 0),
(201, NULL, '2016-08-26', '2016-08-30', 149, 3, NULL, 'pending', 'pending', '20160826122226000000', '1', 'absent', 24, 0, 0, '', 0),
(202, NULL, '2016-08-26', '2016-08-31', 151, 3, NULL, 'pending', 'pending', '20160826123116000000', '1', 'absent', 24, 0, 0, '', 0),
(203, NULL, '2016-08-26', '2016-08-26', 152, 3, NULL, 'pending', 'pending', '20160826123916000000', '1', 'absent', 24, 0, 0, '', 0),
(204, NULL, '2016-08-26', '2016-08-26', 123, 2, NULL, 'booked', 'paid', '20160826124232000000', '1', 'absent', 24, 0, 0, '', 0),
(205, NULL, '2016-08-26', '2016-08-27', 153, 3, NULL, 'pending', 'pending', '20160826011605000000', '1', 'absent', 24, 4, 0, '', 0),
(206, NULL, '2016-08-26', '2016-08-26', 154, 3, NULL, 'pending', 'pending', '20160826011944000000', '1', 'absent', 24, 0, 0, '', 0),
(207, NULL, '2016-08-26', '2016-08-26', 123, 2, NULL, 'pending', 'pending', '20160826012134000000', '24', 'absent', 28, 0, 0, '', 0),
(208, NULL, '2016-08-26', '2016-08-27', 155, 3, NULL, 'pending', 'pending', '20160826012706', '24', 'absent', 28, 0, 0, '', 0),
(209, NULL, '2016-08-26', '2016-08-27', 84, 3, NULL, 'pending', 'pending', '20160826013333000000', '24', 'absent', 28, 0, 0, '', 0),
(210, NULL, '2016-08-26', '2016-08-31', 84, 33, NULL, 'booked', 'paid', '20160826013641000000', '24', 'absent', 28, 0, 0, '', 0),
(211, NULL, '2016-08-26', '2016-08-26', 84, 2, NULL, 'booked', 'paid', '20160826014035000000', '24', 'absent', 28, 0, 0, '', 0),
(212, NULL, '2016-08-26', '2016-08-26', 156, 8, NULL, 'pending', 'pending', '20160826015206000000', '1', 'absent', 24, 7, 0, '', 0),
(213, NULL, '2016-08-26', '2016-08-26', 123, 2, NULL, 'booked', 'paid', '20160826020315000000', '23', 'absent', 27, 0, 0, '', 0),
(214, NULL, '2016-08-26', '2016-08-31', 84, 2, NULL, 'pending', 'pending', '20160826020605000000', '24', 'absent', 28, 0, 0, '', 0),
(215, NULL, '2016-08-26', '2016-08-31', 1, 1, NULL, 'pending', 'pending', '20160826021331000000', '24', 'absent', 28, 0, 0, '', 0),
(216, NULL, '2016-08-26', '2016-08-30', 1, 1, NULL, 'pending', 'pending', '20160826021753000000', '24', 'absent', 28, 0, 0, '', 0),
(217, NULL, '2016-08-26', '2016-08-31', 84, 2, NULL, 'pending', 'pending', '20160826021828000000', '24', 'absent', 28, 0, 0, '', 0),
(218, NULL, '2016-08-26', '2016-08-31', 1, 1, NULL, 'pending', 'pending', '20160826022741000000', '24', 'absent', 28, 0, 0, '', 0),
(219, NULL, '2016-08-26', '2016-08-31', 84, 3, NULL, 'pending', 'pending', '20160826022758000000', '24', 'absent', 28, 0, 0, '', 0),
(220, NULL, '2016-08-26', '2016-08-31', 1, 2, NULL, 'pending', 'pending', '20160826022901000000', '1', 'absent', 24, 0, 0, '', 0),
(221, NULL, '2016-08-26', '2016-08-31', 123, 3, NULL, 'pending', 'pending', '20160826023843000000', '24', 'absent', 28, 0, 0, '', 0),
(222, NULL, '2016-08-26', '2016-08-31', 123, 3, NULL, 'pending', 'pending', '20160826024423000000', '24', 'absent', 28, 0, 0, '', 0),
(223, NULL, '2016-08-26', '2016-08-27', 123, 3, NULL, 'pending', 'pending', '20160826030327000000', '24', 'absent', 28, 0, 0, '', 0),
(224, NULL, '2016-08-26', '2016-08-31', 123, 3, NULL, 'pending', 'pending', '20160826030800000000', '24', 'absent', 28, 0, 0, '', 0),
(225, NULL, '2016-08-26', '2016-08-31', 158, 8, NULL, 'booked', 'paid', '20160826031335000000', '1', 'absent', 24, 5, 0, '', 0),
(226, NULL, '2016-08-26', '2016-08-26', 123, 3, NULL, 'pending', 'pending', '20160826032950000000', '1', 'absent', 24, 0, 0, '', 0),
(227, NULL, '2016-08-26', '2016-08-31', 123, 3, NULL, 'pending', 'pending', '20160826034044000000', '1', 'absent', 24, 0, 0, '', 0),
(228, NULL, '2016-08-26', '2016-08-26', 123, 2, NULL, 'pending', 'pending', '20160826034340000000', '1', 'absent', 24, 0, 0, '', 0),
(229, NULL, '2016-08-26', '2016-08-31', 123, 3, NULL, 'pending', 'pending', '20160826034459000000', '1', 'absent', 24, 0, 0, '', 0),
(230, NULL, '2016-08-26', '2016-08-26', 159, 1, NULL, 'pending', 'pending', '20160826034705000000', '1', 'absent', 24, 0, 0, '', 0),
(231, NULL, '2016-08-26', '2016-08-26', 160, 1, NULL, 'pending', 'pending', '20160826034752', '24', 'absent', 28, 0, 0, '', 0),
(232, NULL, '2016-08-26', '2016-08-31', 161, 3, NULL, 'pending', 'pending', '20160826035114000000', '1', 'absent', 24, 0, 0, '', 0),
(233, NULL, '2016-08-26', '2016-08-26', 162, 3, NULL, 'pending', 'pending', '20160826035313000000', '1', 'absent', 24, 0, 0, '', 0),
(234, NULL, '2016-08-26', '2016-08-31', 163, 3, NULL, 'pending', 'pending', '20160826035745000000', '1', 'absent', 24, 0, 0, '', 0),
(235, NULL, '2016-08-26', '2016-08-26', 164, 1, '33.46', 'failed', 'failed', '147222714228', '1', 'absent', 24, 0, 0, '', 0),
(236, NULL, '2016-08-26', '2016-08-31', 165, 3, NULL, 'pending', 'pending', '20160826040057000000', '1', 'absent', 24, 0, 0, '', 0),
(237, NULL, '2016-08-26', '2016-08-31', 166, 3, NULL, 'pending', 'pending', '20160826040336000000', '1', 'absent', 24, 0, 0, '', 0),
(238, NULL, '2016-08-26', '2016-08-31', 1, 2, NULL, 'pending', 'pending', '20160826040722000000', '1', 'absent', 24, 0, 0, '', 0),
(239, NULL, '2016-08-26', '2016-08-26', 167, 12, NULL, 'pending', 'pending', '20160826043529000000', '21', 'absent', 25, 2, 0, '', 0),
(240, NULL, '2016-08-26', '2016-08-27', 123, 1, NULL, 'pending', 'pending', '20160826043542000000', '21', 'absent', 25, 0, 0, '', 0),
(241, NULL, '2016-08-26', '2016-08-26', 167, 1, NULL, 'pending', 'pending', '20160826044712000000', '1', 'absent', 24, 1, 0, '', 0),
(242, NULL, '2016-08-26', '2016-08-26', 167, 1, NULL, 'pending', 'pending', '20160826045007000000', '1', 'absent', 24, 1, 0, '', 0),
(243, NULL, '2016-08-26', '2016-08-26', 123, 1, NULL, 'booked', 'paid', '20160826045011000000', '1', 'visited', 24, 1, 0, '', 0),
(244, NULL, '2016-08-26', '2016-08-27', 123, 1, '100.36', 'booked', 'paid', '147223376553', '1', 'visited', 24, 1, 1, '', 0),
(245, NULL, '2016-08-26', '2016-08-27', 123, 2, NULL, 'booked', 'paid', '20160826094611000000', '21', 'visited', 25, 0, 0, '', 0),
(246, NULL, '2016-08-26', '2016-08-27', 123, 2, NULL, 'booked', 'paid', '20160826094739000000', '21', 'visited', 25, 2, 0, '', 0),
(247, NULL, '2016-08-26', '2016-08-29', 123, 2, NULL, 'booked', 'paid', '20160826094818000000', '21', 'visited', 25, 0, 0, '', 0),
(248, NULL, '2016-08-26', '2016-08-27', 123, 2, NULL, 'failed', 'failed', '20160826095719000000', '19', 'absent', 25, 0, 0, '', 0),
(249, NULL, '2016-08-26', '2016-08-30', 169, 1, NULL, 'pending', 'pending', '20160826111304', '22', 'absent', 26, 0, 0, '', 0),
(250, NULL, '2016-08-27', '2016-08-27', 123, 1, NULL, 'booked', 'paid', '20160827122056000000', '1', 'visited', 24, 1, 0, '', 0),
(251, NULL, '2016-08-27', '2016-08-27', 170, 1, NULL, 'pending', 'pending', '20160827015804', '24', 'absent', 28, 0, 0, '', 0),
(252, NULL, '2016-08-28', '2016-08-30', 171, 1, '44.60', 'booked', 'paid', '147237072001', '1', 'visited', 24, 1, 0, '', 0),
(253, NULL, '2016-08-28', '2016-08-31', 172, 1, '100.36', 'pending', 'pending', '147237127934', '1', 'absent', 24, 1, 1, '', 0),
(254, NULL, '2016-08-28', '2016-08-29', 173, 1, '100.36', 'booked', 'paid', '147237184211', '1', 'visited', 24, 1, 1, '', 0),
(255, NULL, '2016-08-29', '2016-08-29', 123, 1, NULL, 'pending', 'pending', '20160829101723000000', '1', 'absent', 24, 0, 0, '', 0),
(256, NULL, '2016-08-29', '2016-08-31', 174, 1, '44.60', 'booked', 'paid', '147247836578', '1', 'absent', 24, 1, 0, '', 0),
(257, NULL, '2016-08-30', '2016-08-30', 123, 2, NULL, 'failed', 'failed', '20160830061208000000', '1', 'absent', 24, 0, 0, '', 0),
(258, NULL, '2016-08-30', '2016-08-30', 123, 2, '2230.00', 'pending', 'pending', '147254388864', '21', 'absent', 25, 0, 0, '122.169.198.70', 0),
(259, NULL, '2016-08-30', '2016-08-30', 123, 2, '5575.00', 'pending', 'pending', '147254535232', '22', 'absent', 26, 0, 0, '122.169.198.70', 0),
(260, NULL, '2016-08-30', '2016-08-30', 123, 2, NULL, 'pending', 'pending', '20160830100755000000', '22', 'absent', 26, 0, 0, '', 0),
(261, NULL, '2016-08-30', '2016-08-31', 123, 2, NULL, 'pending', 'pending', '20160830103927000000', '1', 'absent', 24, 0, 0, '', 0),
(262, NULL, '2016-08-30', '2016-08-30', 123, 2, NULL, 'pending', 'pending', '147255475618', '21', 'absent', 25, 0, 0, '122.169.198.70', 0),
(263, NULL, '2016-08-30', '2016-08-30', 123, 1, '44.60', 'pending', 'pending', '147255727191', '1', 'absent', 24, 1, 0, '122.169.198.70', 0),
(264, NULL, '2016-08-30', '2016-08-30', 1, 1, '44.60', 'booked', 'paid', '147256209205', '1', 'absent', 24, 1, 0, '1.186.23.198', 0),
(265, NULL, '2016-08-30', '2016-09-03', 1, 1, '1115.00', 'booked', 'paid', '147256268563', '21', 'absent', 25, 0, 0, '1.186.23.198', 0),
(266, NULL, '2016-08-31', '2016-08-31', 175, 3, NULL, 'booked', 'paid', '147261773929', '1', 'absent', 24, 0, 0, '183.82.193.26', 0);

-- --------------------------------------------------------

--
-- Table structure for table `tblcities`
--

CREATE TABLE IF NOT EXISTS `tblcities` (
  `cityid` int(10) unsigned NOT NULL AUTO_INCREMENT,
  `cityname` varchar(45) DEFAULT NULL,
  `stateid` int(10) unsigned DEFAULT NULL,
  `status` varchar(45) DEFAULT NULL,
  PRIMARY KEY (`cityid`)
) ENGINE=InnoDB DEFAULT CHARSET=latin1 AUTO_INCREMENT=1 ;

-- --------------------------------------------------------

--
-- Table structure for table `tblcountries`
--

CREATE TABLE IF NOT EXISTS `tblcountries` (
  `countryid` int(10) unsigned NOT NULL AUTO_INCREMENT,
  `countryname` varchar(45) DEFAULT NULL,
  `status` varchar(45) DEFAULT NULL,
  PRIMARY KEY (`countryid`)
) ENGINE=InnoDB DEFAULT CHARSET=latin1 AUTO_INCREMENT=1 ;

-- --------------------------------------------------------

--
-- Table structure for table `tblcustomers`
--

CREATE TABLE IF NOT EXISTS `tblcustomers` (
  `customer_id` int(11) NOT NULL AUTO_INCREMENT,
  `name` varchar(45) DEFAULT NULL,
  `username` varchar(45) DEFAULT NULL,
  `password` longtext,
  `number` varchar(45) DEFAULT NULL,
  `dateofcreation` date DEFAULT NULL,
  `otp` varchar(50) NOT NULL DEFAULT '0',
  `regtype` varchar(60) NOT NULL,
  PRIMARY KEY (`customer_id`)
) ENGINE=InnoDB  DEFAULT CHARSET=latin1 AUTO_INCREMENT=176 ;

--
-- Dumping data for table `tblcustomers`
--

INSERT INTO `tblcustomers` (`customer_id`, `name`, `username`, `password`, `number`, `dateofcreation`, `otp`, `regtype`) VALUES
(1, 'satish', 'sathi.satya@gmail.com', 'ba3253876aed6bc22d4a6ff53d8406c6ad864195ed144ab5c87621b6c233b548baeae6956df346ec8c17f5ea10f35ee3cbc514797ed7ddd3145464e2a0bab413', '8886922279', '2016-08-21', '0', 'registration'),
(25, 'raju', 'asa@aas.comm', 'ba3253876aed6bc22d4a6ff53d8406c6ad864195ed144ab5c87621b6c233b548baeae6956df346ec8c17f5ea10f35ee3cbc514797ed7ddd3145464e2a0bab413', '6666366132', '2016-08-21', '0', 'registration'),
(27, 'shiva', 'knv.siva3@gmail.com', 'ba3253876aed6bc22d4a6ff53d8406c6ad864195ed144ab5c87621b6c233b548baeae6956df346ec8c17f5ea10f35ee3cbc514797ed7ddd3145464e2a0bab413', '9052289585', '2016-08-21', '0', 'registration'),
(28, 'narendra', 'narendra.sharma202007@gmail.com', '234b291d83bfe4f3337eeb760fa2bb7fad761e0c2472617c6a272359e7f9cc1058c42eb8df9927eca9be5788eb421886f2d54007691a5a89c0559415a8d50f90', '9885754457', '2016-08-21', '0', 'Guest'),
(29, 'narendra', 'narendra.sharma202008@gmail.com', 'ba3253876aed6bc22d4a6ff53d8406c6ad864195ed144ab5c87621b6c233b548baeae6956df346ec8c17f5ea10f35ee3cbc514797ed7ddd3145464e2a0bab413', '9885754457', '2016-08-21', '', 'registration'),
(40, 'Akhil', 'akhil.shamanth@gmail.com', '86ba04b3e7451a90b6618ed980cd1075d78a07903f28724c6e119e2e55178cdf633af7e421f4ce330e75178014fce2012029aa6779119c47688b331996b3ecc1', '9177399175', '2016-08-22', '0', 'Guest'),
(41, 'amar', 'asf@asdf.com', 'ba3253876aed6bc22d4a6ff53d8406c6ad864195ed144ab5c87621b6c233b548baeae6956df346ec8c17f5ea10f35ee3cbc514797ed7ddd3145464e2a0bab413', '64646', '2016-08-22', '0', 'registration'),
(43, NULL, NULL, 'f747b91444a0d1dc1def9c48c6b376deb313b9749e15282330effe0ee23341548a0b21209c361dc0bd61b77b979f2ad5c2a46603f3095b2835e1b91d40e6295e', NULL, '2016-08-22', '0', 'Guest'),
(44, NULL, NULL, 'de3f76f171f39d5316993835ff88e9cefcc9ea2a2f9dffa7d568275b7e005fa63d310597293f60aab53df862ac29b7ff2fbe4db039f914c6057e2fb4f6981ef9', NULL, '2016-08-23', '0', 'Guest'),
(45, NULL, NULL, 'd0308870e7aa9f477c5476e54004bf574bd4ac2a5e9f914ece77736ef61b93004e27a8a4586bffc5e3219a6ef4208cfb282f8e6a0f9ce9e4a875cee2c31f0f41', NULL, '2016-08-23', '0', 'Guest'),
(50, 'narendra', 'narendra.sharma202008@gmail.com', '102918b1dba5a63b32bf3aafad76d075f4725942804d40db7023b2a2f59f945ca71e62f89bc72a5d8ba59a55bd07e8d7ff48e5ab7b686a4de925e4622e19f74f', '9885754457', '2016-08-23', '0', 'Guest'),
(51, 'Satish', 'sathi.satya@gmail.com', 'd5aa9086154348cfc697c0e27bd6352d310d885530eff2c03452cd7d8ae70f32a27b32853c2fbd7700d2e14221511708722d8466074f40166feb7bebbcf1bba0', '8886922279', '2016-08-23', '0', 'Guest'),
(54, 'Satish', 'sathi.satya@gmail.com', 'ff1c267e02f7f3ef964e1f5c536015a5590172a0e3ce49e279ccd2deab93ad63d5b3db47b155038f5bc0c21d30309020a68a28479c96c325295f07a31afd5794', '8886922279', '2016-08-23', '0', 'Guest'),
(55, 'satish', 'sathi.satya@gmail.com', NULL, '8886922279', NULL, '0', 'registration'),
(58, 'satish', 'sathi.satya@gmail.com', NULL, '8886922279', NULL, '0', 'registration'),
(76, 'Tedx', 'sainikhil013@gmail.com', '9d4488c9cd0cafd82010fdb4f85cbababc63fd04daf0081f515bbbbf76ca1d3c5f9f826cef63970918c41153f296f763b898fd1ef44f157049f4cd72b4fc4f99', '7893514850', '2016-08-24', '0', 'Guest'),
(77, 'Tedx', 'sainikhil013@gmail.com', '9d4488c9cd0cafd82010fdb4f85cbababc63fd04daf0081f515bbbbf76ca1d3c5f9f826cef63970918c41153f296f763b898fd1ef44f157049f4cd72b4fc4f99', '7893514850', '2016-08-24', '0', 'Guest'),
(78, 'Tedx', 'sainikhil013@gmail.com', '9d4488c9cd0cafd82010fdb4f85cbababc63fd04daf0081f515bbbbf76ca1d3c5f9f826cef63970918c41153f296f763b898fd1ef44f157049f4cd72b4fc4f99', '7893514850', '2016-08-24', '0', 'Guest'),
(79, '', '', NULL, '', NULL, '0', 'registration'),
(81, '', '', NULL, '', NULL, '0', 'registration'),
(84, 'narendra', 'narendra.sharma202007@gmail.com', '1f8869700e2269a69596980fafbd6e01feca2b42a1cb6317e5a3dd956ae8c591db0fb886e82093734926f002ea237155dae7885471ccd98bb5f6f00cb23c3d48', '9885754456', '2016-08-24', '', 'registration'),
(98, 'asd', 'sainikhil013@g.com', NULL, '7893514850', NULL, '0', 'Guest'),
(123, 'sai', 'sainikhil013@gmail.com', 'ba3253876aed6bc22d4a6ff53d8406c6ad864195ed144ab5c87621b6c233b548baeae6956df346ec8c17f5ea10f35ee3cbc514797ed7ddd3145464e2a0bab413', '7893514850', '2016-08-25', '', 'registration'),
(129, 'gher', 'sainikhil013@gmail.commm', NULL, '1234567892', NULL, '0', 'Guest'),
(133, 'Tedx', 'sainikhil013@gmail.com', NULL, '7893514850', NULL, '0', 'Guest'),
(134, 'Tedx', 'sainikhil013@gmail.com', NULL, '7893514850', NULL, '0', 'Guest'),
(135, 'Tedx', 'sainikhil013@gmail.com', NULL, '7893514850', '2016-08-26', '0', 'Guest'),
(136, 'Tedx', 'sainikhil013@gmail.com', NULL, '7893514850', '2016-08-26', '0', 'Guest'),
(137, 'Tedx', 'sainikhil013@gmail.com', NULL, '7893514850', '2016-08-26', '0', 'Guest'),
(138, 'Tedx', 'sainikhil013@gmail.com', NULL, '7893514850', '2016-08-26', '0', 'Guest'),
(139, 'narendra sharma', 'narendra.sharma202007@gmail.com', '1f8869700e2269a69596980fafbd6e01feca2b42a1cb6317e5a3dd956ae8c591db0fb886e82093734926f002ea237155dae7885471ccd98bb5f6f00cb23c3d48', '9885754456', '2016-08-26', '0', 'Guest'),
(140, 'narendra', 'kumar@gmail.com', NULL, '9885754456', '2016-08-26', '0', 'Guest'),
(141, 'Sharma', 'GH@c.con', NULL, '9885754456', '2016-08-26', '0', 'Guest'),
(142, 'Tedx', 'sainikhil013@gmail.com', NULL, '7893514850', '2016-08-26', '0', 'Guest'),
(143, 'Tedx', 'sainikhil013@gmail.com', NULL, '7893514850', '2016-08-26', '0', 'Guest'),
(144, 'narendra', 'f@g.com', NULL, '9885754456', '2016-08-26', '0', 'Guest'),
(145, 'Shawna', 'sdd@f.c', NULL, '9885754456', '2016-08-26', '0', 'Guest'),
(146, 'sharma', 'narendra.sharma202007@gmail.com', '1f8869700e2269a69596980fafbd6e01feca2b42a1cb6317e5a3dd956ae8c591db0fb886e82093734926f002ea237155dae7885471ccd98bb5f6f00cb23c3d48', '9885754456', '2016-08-26', '0', 'Guest'),
(147, 'Sharma', 'r@s.c', NULL, '9885754456', '2016-08-26', '0', 'Guest'),
(148, 'Siva', 'siva.knv@gmail.com', NULL, '9052289585', '2016-08-26', '0', 'Guest'),
(149, 'Shawn fa', 'd@s.com', NULL, '9885754456', '2016-08-26', '0', 'Guest'),
(150, 'yes', 'test@s.c', NULL, '9885754456', '2016-08-26', '0', 'Guest'),
(151, 'yes', 'test@s.c', NULL, '9885754456', '2016-08-26', '0', 'Guest'),
(152, 'Sharma', 'state@f.c', NULL, '9885754456', '2016-08-26', '0', 'Guest'),
(153, 'sharks', 'sz@z.c', NULL, '9885754456', '2016-08-26', '0', 'Guest'),
(154, 'hj', 'ghh@g.c', NULL, '9885754456', '2016-08-26', '0', 'Guest'),
(155, 'gjhh', 'hh@d.c', NULL, '9885754456', '2016-08-26', '0', 'Guest'),
(156, 'sukumar', 'sukumar.madishetti@gmail.com', NULL, '9849845571', '2016-08-26', '0', 'Guest'),
(157, 'sukumar', 'sukumar.madishetti@gmail.com', NULL, '9849845571', '2016-08-26', '0', 'Guest'),
(158, 'sukumar', 'sukumar.madishetti@gmail.com', NULL, '9849845571', '2016-08-26', '0', 'Guest'),
(159, 'Tedx', 'sainikhil013@gmail.com', NULL, '9885754456', '2016-08-26', '0', 'Guest'),
(160, 'Tedx', 'sainikhil013@gmail.com', NULL, '9885754456', '2016-08-26', '0', 'Guest'),
(161, 'dfg', 'bhh@gh.c', NULL, '9885754456', '2016-08-26', '0', 'Guest'),
(162, 'GH h', 'yhg@f.g', NULL, '9885754456', '2016-08-26', '0', 'Guest'),
(163, 'fhg', 'gh@g.c', NULL, '9885754456', '2016-08-26', '0', 'Guest'),
(164, 'Akhil Shamanth Medak', 'akhil.shamanth@gmail.com', '3bb7be12c7b66565646228e38c304dba53b405a50391139c36a31247d23ecf6e09d1988f364d3bf428922a22c2e09d16c9d275828959b5ec91f6aa274fb25c1c', '9177399175', '2016-08-26', '0', 'Guest'),
(165, 'gvhj', 'ghg@h.j', NULL, '9885754456', '2016-08-26', '0', 'Guest'),
(166, 'fvv', 'fg@v.c', NULL, '9885754456', '2016-08-26', '0', 'Guest'),
(167, 'Akhil Shamanth', 'akhil.shamanth@gmail.com', 'ec7a074e2e5134b82ad4f06b5e2c831d9f90c332b2f7eefca3a02ab6326eb74953f601363cc8f2cd76962a95c8fb7fbea0a4071cec862980aab19b826a9d07df', '9177399175', '2016-08-26', '', 'registration'),
(168, 'thhg', 'ghg@gh.c', NULL, '9885754456', '2016-08-26', '0', 'Guest'),
(169, 'satish', 'sathi.satya@gmail.com', NULL, '8886922279', '2016-08-26', '0', 'Guest'),
(170, 'satish', 'sathi.satya@gmail.com', NULL, '8886922279', '2016-08-27', '0', 'Guest'),
(171, 'narendra', 'narendra.sharma202007@gmail.com', '576ff16f58ca51c41f412e109bc2d7a322347bac1d11d398ce638e08442f40a36a3e61cade2b8a47c7e83cfdfc92f523d2a816200c5048dabf3177b5a36e1327', '9885754456', '2016-08-28', '0', 'Guest'),
(172, 'narendra', 'narendra.sharma202007@gmail.com', '6fae88a69c2fd9f626e9c7510e2bbaa8f16d78e1f122c269917764b2bc5952c409662b00f0d60b2da71ea6205bc34106361a2a53cb678462a08f94aa5b7054f6', '9885754456', '2016-08-28', '0', 'Guest'),
(173, 'narendra', 'narendra.sharma202007@gmail.com', '2fc5d53386f6d259231d11f3524e21045e526f5a809663281a3e9ff564f1d0057295244280566156a8203dd73e1670c12d23d274b668d6f2ac796f8954234ec0', '9885754456', '2016-08-28', '0', 'Guest'),
(174, 'Tedx', 'sainikhil013@gmail.com', 'e03e02de92afa877a06690c8b99d982114f2743e143382e523964878af83c262eecddf8f9cb970f394b92ed90797192c1c4ba54ed532074f7ab7f4689298d99c', '9885754456', '2016-08-29', '0', 'Guest'),
(175, 'vhb', 'fg@g.v', NULL, '9885754456', '2016-08-31', '0', 'Guest');

-- --------------------------------------------------------

--
-- Table structure for table `tblemail_template`
--

CREATE TABLE IF NOT EXISTS `tblemail_template` (
  `etempid` int(10) unsigned NOT NULL AUTO_INCREMENT,
  `etemptype` varchar(45) DEFAULT NULL,
  `etempname` varchar(45) DEFAULT NULL,
  `subject` varchar(45) DEFAULT NULL,
  `body_text` varchar(45) DEFAULT NULL,
  `status` varchar(45) DEFAULT NULL,
  PRIMARY KEY (`etempid`)
) ENGINE=InnoDB DEFAULT CHARSET=latin1 AUTO_INCREMENT=1 ;

-- --------------------------------------------------------

--
-- Table structure for table `tbleventphotos`
--

CREATE TABLE IF NOT EXISTS `tbleventphotos` (
  `photoid` int(10) unsigned NOT NULL AUTO_INCREMENT,
  `eventid` int(10) unsigned DEFAULT NULL,
  `photoname` longtext,
  `path` longtext,
  `status` varchar(45) DEFAULT NULL,
  PRIMARY KEY (`photoid`)
) ENGINE=InnoDB DEFAULT CHARSET=latin1 AUTO_INCREMENT=1 ;

-- --------------------------------------------------------

--
-- Table structure for table `tblevents`
--

CREATE TABLE IF NOT EXISTS `tblevents` (
  `eventid` int(10) unsigned NOT NULL AUTO_INCREMENT,
  `vendorid` int(10) unsigned DEFAULT NULL,
  `todate` date DEFAULT NULL,
  `fromdate` date NOT NULL,
  `location` longtext,
  `totime` varchar(45) DEFAULT NULL,
  `fromtime` varchar(45) DEFAULT NULL,
  `eventname` varchar(150) DEFAULT NULL,
  `description` longtext,
  `eventtype` varchar(45) DEFAULT NULL COMMENT 'free/paid',
  `cost` varchar(45) DEFAULT NULL,
  `status` varchar(45) DEFAULT NULL,
  `latitude` varchar(45) DEFAULT NULL,
  `longitude` varchar(45) DEFAULT NULL,
  `bannerimage` longtext NOT NULL,
  `bannerimagepath` longtext NOT NULL,
  PRIMARY KEY (`eventid`)
) ENGINE=InnoDB  DEFAULT CHARSET=latin1 AUTO_INCREMENT=13 ;

--
-- Dumping data for table `tblevents`
--

INSERT INTO `tblevents` (`eventid`, `vendorid`, `todate`, `fromdate`, `location`, `totime`, `fromtime`, `eventname`, `description`, `eventtype`, `cost`, `status`, `latitude`, `longitude`, `bannerimage`, `bannerimagepath`) VALUES
(9, 25, '2016-08-24', '2016-08-23', 'N Convention, Hyderabad, Telangana, India', '', '', 'Big Cine Expo 2016', '23 - 24 August 2016\r\nN Convention, Hyderabad, Telangana.\r\n\r\n \r\n\r\nWith 17 years of enriching experience in the culture of cinema exhibition, TheatreWorld magazine now brings its very own expo for the exhibition community -- BigCineExpo!\r\n\r\n \r\n\r\nBigCineExpo 2016 (www.bigcineexpo.com) is an interactive and value-added platform for Theatre Owners, Design Consultants, Equipment Manufacturers, System Integrators, Project Management Professionals, Industry Stakeholders and the user community of Single-Screen and Multiplex cinema entertainment in Asia and India.\r\n\r\n \r\n\r\nHIGHLIGHTS:\r\n\r\n \r\n\r\nIndian industry is second only to Hollywood in size\r\nIndia produces highest number of movies in the world (1100++ movies in 2014)\r\nIndia is one of the world''s emerging economies with the entertainment sector occupying a dominant position\r\nSouth India has a massive movie industry size with 6,000 of the total estimated 9,500 screens in the country. With 70% of India''s total number of cinemas in South India, it also produces 82% of the total movies in the country\r\nBigCineExpo is poised to be the only expo of its kind in India dedicated to all aspects of cinema exhibition\r\nChennai is the main destination for buyers in South India for cinema exhibition equipment\r\nChennai Trade Centre is one of India''s best state-of-the-art infrastructures to showcase products\r\n \r\n\r\nWHY IN INDIA?\r\n\r\n \r\n\r\nAsian countries are surging ahead. India is one of the worlds emerging economies with the entertainment sector occupying a dominant position. In fact, Indian cinema industry is second only to Hollywood in size. South India, having the highest number of cinema screens and highest number of movie releases, is the top market for cinema exhibition in India.\r\n\r\n \r\n\r\nThe 21st century belongs to Asia, more specifically to China and India, the two fastest growing economies of the world. By 2025, China and India are expected to be the second and third largest economies respectively.\r\n\r\n \r\n\r\nThere is a huge appetite for technical knowhow and equipment owing to the untapped potential in the cinema theatre market in India and the other Asian countries. There is a huge gap that needs to be filled in. And here lies an opportunity for a viable platform in India to showcase competencies, safeguard interests and share expertise with Asia and the rest of world.', NULL, NULL, '1', '', '', 'BCE-2_t.jpg', ''),
(10, 25, '2016-09-04', '2016-08-21', 'Hyderabad, Telangana, India', '', '', 'Dynamic Dance Zone Footlooze 5', 'Dynamic Dance Zone presents the fifth edition of Footlooze \r\n\r\nA dance platform for all you talented dancers.\r\n\r\nThe Footlooze Dance competitions helps to promote the art of dance and creates a positive outlet for kids and youth. The competition allows young talent to explore their creativity and inspire each other, as well as the outside community.', NULL, NULL, '1', '', '', 'Dynamic-b_banner1470141140.png', ''),
(11, 25, '2016-08-28', '2016-08-21', 'Leisure Valley Park,Sector 29, Hyderabad, Telangana, India', '', '', 'Rhythm 2016 With Atif Aslam', 'Rhythm 2016 is a musical journey to take a step to entertain the audience with providing them the best performers of industry. Beginning with this musical concert featuring best Bollywood singers to perform at your city. They expect a footfall of over 10,000 people and the special marketing strategies and fan following of celebrity performers may increase the crowd. The young and dynamic team will promote the event with the latest technologies and unique marketing plans all over Delhi.\r\nThis event will provide a platform to all associating brands to promote and interact with mass\r\naudience under one roof. The event is planned, conceptualized, promoted and executed by Saffire Entertainment.', NULL, NULL, '1', '', '', 'Rhythm-b_banner1471500649.png', ''),
(12, 25, '2016-09-03', '2016-08-21', 'Hyderabad, Telangana, India', '', '', 'Accelerate Your Success', 'Whether you are a small business owner or an individual who is passionate about building his own enterprise, chances are that there would have been moments in your life where you found yourself stuck and the progress seem to slow down.\r\n\r\n\r\nAccelerate Your Success workshop introduces you to simple and practical strategies that can significantly improve the quality of your business and overall life.', NULL, NULL, '1', '', '', 'Meraevent_banner1470552338.jpg', '');

-- --------------------------------------------------------

--
-- Table structure for table `tbllocations`
--

CREATE TABLE IF NOT EXISTS `tbllocations` (
  `locationid` int(10) unsigned NOT NULL AUTO_INCREMENT,
  `locationname` varchar(45) DEFAULT NULL,
  `stateid` int(10) unsigned DEFAULT NULL,
  `cityid` int(10) unsigned DEFAULT NULL,
  `countryid` int(10) unsigned DEFAULT NULL,
  PRIMARY KEY (`locationid`)
) ENGINE=InnoDB DEFAULT CHARSET=latin1 AUTO_INCREMENT=1 ;

-- --------------------------------------------------------

--
-- Table structure for table `tblpackages`
--

CREATE TABLE IF NOT EXISTS `tblpackages` (
  `packageid` int(10) unsigned NOT NULL AUTO_INCREMENT,
  `resortid` int(10) unsigned DEFAULT '0',
  `packagename` longtext,
  `description` longtext,
  `status` varchar(45) DEFAULT NULL,
  `createdby` varchar(45) DEFAULT NULL,
  `createdon` datetime DEFAULT NULL,
  `updatedby` varchar(45) DEFAULT NULL,
  `updatedon` datetime DEFAULT NULL,
  `servicetax` double DEFAULT '0',
  `vendorid` int(11) DEFAULT NULL,
  `packageimage` longtext,
  `packagetags` longtext,
  `packagetype` varchar(45) DEFAULT NULL,
  `eventid` varchar(45) DEFAULT NULL,
  `adultprice` decimal(10,0) DEFAULT NULL,
  `childprice` decimal(10,0) DEFAULT NULL,
  `kidsmealprice` decimal(10,0) NOT NULL DEFAULT '0',
  `expirydate` date NOT NULL,
  `mobileadultqty` int(5) NOT NULL DEFAULT '0',
  `mobilechildqty` int(5) NOT NULL DEFAULT '0',
  PRIMARY KEY (`packageid`)
) ENGINE=InnoDB  DEFAULT CHARSET=latin1 AUTO_INCREMENT=25 ;

--
-- Dumping data for table `tblpackages`
--

INSERT INTO `tblpackages` (`packageid`, `resortid`, `packagename`, `description`, `status`, `createdby`, `createdon`, `updatedby`, `updatedon`, `servicetax`, `vendorid`, `packageimage`, `packagetags`, `packagetype`, `eventid`, `adultprice`, `childprice`, `kidsmealprice`, `expirydate`, `mobileadultqty`, `mobilechildqty`) VALUES
(1, 1, 'Entry Ticket', 'Entry ticket for Nehru Zoo Park. Each Ticket valid for Person Only                             ', '1', 'admin', '2016-08-28 04:39:42', 'admin', '2016-08-28 04:39:42', 10, 24, 'zoo-entry-gate3.jpg', '               ', 'daily', '', '30', '10', '0', '2016-08-30', 0, 0),
(14, 0, 'Registration for Indian Deligates', 'One Person allowed for one registration only                             ', '1', 'admin', '2016-08-21 01:48:41', 'admin', '2016-08-21 01:48:41', 10, 25, 'big-t_thumb1456311986_(1).jpg', '', 'event', '9', '3000', '0', '0', '2016-08-24', 0, 0),
(15, 0, 'Registration - Foregin Delegates', 'One Person allowed with One Registration                             ', '1', 'admin', '2016-08-21 01:49:54', 'admin', '2016-08-21 01:49:54', 10, 25, 'big-t_thumb1456311986_(1)2.jpg', '', 'event', '9', '13000', '0', '0', '2016-08-24', 0, 0),
(17, 0, 'Solo Registration', 'One Person Allowed for Solo Registration                             ', '1', 'admin', '2016-08-21 02:04:44', 'admin', '2016-08-21 02:04:44', 10, 25, 'Dynamic-t_thumb1470141142.png', '', 'event', '10', '500', '0', '0', '2016-09-04', 0, 0),
(18, 0, 'Duet Registration', 'Two Persons allowed for Duet Registration                             ', '1', 'admin', '2016-08-21 02:05:31', 'admin', '2016-08-21 02:05:31', 10, 25, 'Dynamic-t_thumb14701411421.png', '', 'event', '10', '1000', '0', '0', '2016-09-04', 0, 0),
(19, 0, 'Silver', 'Silver Package                             ', '1', 'admin', '2016-08-21 02:07:25', 'admin', '2016-08-21 02:07:25', 10, 25, 'Rhythm-t_thumb1471500651.png', '', 'event', '11', '1000', '0', '0', '2016-08-28', 0, 0),
(20, 0, 'Gold', 'Gold Membership                             ', '1', 'admin', '2016-08-21 02:08:21', 'admin', '2016-08-21 02:08:21', 10, 25, 'Rhythm-t_thumb14715006511.png', '', 'event', '11', '2000', '0', '0', '2016-08-28', 0, 0),
(21, 0, 'Gold', 'Gold Package                             ', '1', 'admin', '2016-08-21 02:10:05', 'admin', '2016-08-21 02:10:05', 10, 25, 'thumbnail_thumb1470552339.jpg', '', 'event', '12', '1000', '0', '0', '2016-09-03', 0, 0),
(22, 2, 'Luxury Room', 'Luxury Room with Free Wifi, Welcome Drink and free buffet lunch                             ', '1', 'admin', '2016-08-21 02:19:40', 'admin', '2016-08-21 02:19:40', 10, 26, 'f6a.jpg', '', 'daily', '', '2500', '0', '0', '2016-12-31', 0, 0),
(23, 3, 'Deluxe Room', 'Room Service Air Conditioning Ceiling FanTea Coffee Kettle / Maker Hot / Cold Running WaterHousekeepingDesk in RoomCoffee TableWardrobeTVMirror                             ', '1', 'admin', '2016-08-21 02:27:25', 'admin', '2016-08-21 02:27:25', 10, 27, 'honey-berg-resorts-hyderabad-room-39901506r.jpg', '', 'daily', '', '3850', '0', '0', '2016-12-31', 0, 0),
(24, 4, 'Deluxe Room', 'Deluxe rooms truly offer a relaxed stay. This 300sq. ft area is nicely decorated with soft relaxing beds, a premium television set for laughter with family, tea /coffee making kettle, Wi-Fi facility to stay connected with friends. Guests can have fun with friends as these rooms are ready with mini bar facility.                             ', '1', 'admin', '2016-08-21 03:31:40', 'admin', '2016-08-21 03:31:40', 10, 28, 'MG_9951-1-700x400.jpg', '', 'daily', '', '2500', '0', '0', '2016-12-31', 0, 0);

-- --------------------------------------------------------

--
-- Table structure for table `tblpayments`
--

CREATE TABLE IF NOT EXISTS `tblpayments` (
  `paymentid` int(10) unsigned NOT NULL AUTO_INCREMENT,
  `bookingid` varchar(45) DEFAULT NULL,
  `customerid` varchar(45) DEFAULT NULL,
  `packageid` int(10) DEFAULT NULL,
  `totalcost` decimal(10,2) DEFAULT NULL,
  `adultpriceperticket` decimal(10,2) DEFAULT NULL,
  `childpriceperticket` decimal(10,2) DEFAULT NULL,
  `kidsmealprice` decimal(10,2) DEFAULT '0.00',
  `numberofadults` varchar(5) DEFAULT NULL,
  `numberofchildren` varchar(5) DEFAULT NULL,
  `noofkidsmeal` int(5) DEFAULT '0',
  `servicetax` varchar(5) DEFAULT NULL,
  `internetcharges` decimal(10,2) DEFAULT NULL,
  `swachhbharath` decimal(10,2) DEFAULT NULL,
  `krishkalyancess` decimal(10,2) DEFAULT NULL,
  `ticketnumber` varchar(55) DEFAULT NULL,
  `transaction_id` varchar(150) DEFAULT NULL,
  `referenceno` varchar(45) DEFAULT NULL,
  `transdate` varchar(200) DEFAULT NULL,
  `amount` decimal(10,2) unsigned DEFAULT NULL,
  `response` varchar(45) DEFAULT NULL,
  `banktransaction` varchar(45) DEFAULT '0',
  `transactiondescription` varchar(75) DEFAULT '0',
  `authorizationcode` varchar(75) DEFAULT '0',
  `discriminator` varchar(75) DEFAULT '0',
  `cardnumber` varchar(45) DEFAULT '0',
  `billingphone` varchar(45) DEFAULT '0',
  `billingemail` varchar(45) DEFAULT '0',
  `udf9` varchar(45) DEFAULT '0',
  `mmp_txn` varchar(75) DEFAULT '0',
  `mer_txn` varchar(75) DEFAULT '0',
  `transactiontime` timestamp NULL DEFAULT CURRENT_TIMESTAMP,
  `status` varchar(25) DEFAULT '0',
  `responsestatus` varchar(15) DEFAULT '0',
  PRIMARY KEY (`paymentid`)
) ENGINE=InnoDB  DEFAULT CHARSET=latin1 AUTO_INCREMENT=271 ;

--
-- Dumping data for table `tblpayments`
--

INSERT INTO `tblpayments` (`paymentid`, `bookingid`, `customerid`, `packageid`, `totalcost`, `adultpriceperticket`, `childpriceperticket`, `kidsmealprice`, `numberofadults`, `numberofchildren`, `noofkidsmeal`, `servicetax`, `internetcharges`, `swachhbharath`, `krishkalyancess`, `ticketnumber`, `transaction_id`, `referenceno`, `transdate`, `amount`, `response`, `banktransaction`, `transactiondescription`, `authorizationcode`, `discriminator`, `cardnumber`, `billingphone`, `billingemail`, `udf9`, `mmp_txn`, `mer_txn`, `transactiontime`, `status`, `responsestatus`) VALUES
(1, '1', '1', 1, '44.15', '30.00', '10.00', '0.00', '1', '1', 0, '0.12', '4.00', '0.02', '0.01', '20160821020820000000', NULL, NULL, NULL, NULL, NULL, '0', '0', '0', '0', '0', '0', '0', '0', '0', '0', '2016-08-21 08:38:20', 'unpaid', '0'),
(2, '2', '1', 16, '66.23', '40.00', '20.00', '0.00', '1', '1', 0, '0.18', '6.00', '0.03', '0.02', '20160821020850000000', NULL, NULL, NULL, NULL, NULL, '0', '0', '0', '0', '0', '0', '0', '0', '0', '0', '2016-08-21 08:38:50', 'unpaid', '0'),
(3, '3', '25', 21, '2207.50', '2000.00', '0.00', '0.00', '2', '1', 0, '6.00', '200.00', '1.00', '0.50', '20160821023127000000', NULL, NULL, NULL, NULL, NULL, '0', '0', '0', '0', '0', '0', '0', '0', '0', '0', '2016-08-21 09:01:27', 'unpaid', '0'),
(4, '4', '26', 24, '2759.38', '2500.00', '0.00', '0.00', '1', '0', 0, '7.50', NULL, NULL, NULL, '20160821023706000000', NULL, NULL, NULL, NULL, NULL, '0', '0', '0', '0', '0', '0', '0', '0', '0', '0', '2016-08-21 09:07:06', 'unpaid', '0'),
(5, '5', '27', 18, '2207.50', '2000.00', '0.00', '0.00', '2', '2', 0, '6.00', '200.00', '1.00', '0.50', '20160821025126000000', NULL, NULL, NULL, NULL, NULL, '0', '0', '0', '0', '0', '0', '0', '0', '0', '0', '2016-08-21 09:21:26', 'unpaid', '0'),
(6, NULL, '', NULL, '3345.00', '3000.00', '0.00', '0.00', '3', '0', 0, '42', '345.00', '1.50', '1.50', '20160821122219000000', NULL, NULL, NULL, NULL, NULL, '0', '0', '0', '0', '0', '0', '0', '0', '0', '0', '2016-08-21 12:22:19', 'unpaid', '0'),
(7, '7', '28', 22, '2787.50', '2500.00', '0.00', '0.00', '1', '0', 0, '35.00', NULL, NULL, NULL, '20160821061406000000', NULL, NULL, NULL, NULL, NULL, '0', '0', '0', '0', '0', '0', '0', '0', '0', '0', '2016-08-21 12:44:06', 'unpaid', '0'),
(8, NULL, '', NULL, '36.90', '30.00', '0.00', '0.00', '1', '0', 0, '0.84', '6.90', '0.03', '0.03', '20160821041150000000', NULL, NULL, NULL, NULL, NULL, '0', '0', '0', '0', '0', '0', '0', '0', '0', '0', '2016-08-21 16:11:50', 'unpaid', '0'),
(9, NULL, '', NULL, '557.60', '500.00', '0.00', '0.00', '1', '0', 0, '7', '57.60', '0.30', '0.30', '20160821041635000000', NULL, NULL, NULL, NULL, NULL, '0', '0', '0', '0', '0', '0', '0', '0', '0', '0', '2016-08-21 16:16:35', 'unpaid', '0'),
(10, NULL, '', NULL, '8362.50', '7500.00', '0.00', '0.00', '3', '0', 0, '105', '750.00', '3.75', '3.75', '20160821043150000000', NULL, NULL, NULL, NULL, NULL, '0', '0', '0', '0', '0', '0', '0', '0', '0', '0', '2016-08-21 16:31:50', 'unpaid', '0'),
(11, NULL, '', NULL, '6690.00', '6000.00', '0.00', '0.00', '2', '3', 0, '84', '690.00', '3.00', '3.00', '20160821043413000000', NULL, NULL, NULL, NULL, NULL, '0', '0', '0', '0', '0', '0', '0', '0', '0', '0', '2016-08-21 16:34:13', 'unpaid', '0'),
(12, NULL, '', NULL, '147.60', '90.00', '30.00', '0.00', '3', '3', 0, '3.36', '27.60', '0.12', '0.12', '20160821043528000000', NULL, NULL, NULL, NULL, NULL, '0', '0', '0', '0', '0', '0', '0', '0', '0', '0', '2016-08-21 16:35:28', 'unpaid', '0'),
(13, NULL, '', NULL, '3345.00', '3000.00', '0.00', '0.00', '3', '0', 0, '42', '345.00', '1.50', '1.50', '20160821063442000000', NULL, NULL, NULL, NULL, NULL, '0', '0', '0', '0', '0', '0', '0', '0', '0', '0', '2016-08-21 18:34:42', 'unpaid', '0'),
(14, '14', '25', 1, '78.06', '60.00', '10.00', '0.00', '2', '1', 2, '0.98', '7.00', '0.04', '0.04', '20160822012200000000', NULL, NULL, 'Mon Aug 22 13:23:28 IST 2016', '78.06', NULL, '188017931', NULL, NULL, 'NB', 'null', '7893514850', 'sainikhil013@gmail.com', '', '18801793', '731996', '2016-08-22 07:52:00', 'paid', 'Ok'),
(15, NULL, '25', NULL, '156.10', NULL, NULL, '99.99', '3', '3', 0, '1.96', '14.00', '0.07', '0.07', '20160822023752000000', NULL, NULL, 'Mon Aug 22 14:38:47 IST 2016', '156.10', NULL, '188018321', NULL, NULL, 'NB', 'null', '7893514850', 'sainikhil013@gmail.com', '', '18801832', '637121', '2016-08-22 09:07:52', 'paid', 'Ok'),
(16, '17', '31', 17, '557.50', '500.00', '0.00', '0.00', '1', '1', 0, '7.00', NULL, NULL, NULL, '20160822040435000000', NULL, NULL, 'Mon Aug 22 16:05:15 IST 2016', '557.50', NULL, '188018931', NULL, NULL, 'NB', 'null', '7893514850', 'sainikhil013@gmail.com', '', '18801893', '851959', '2016-08-22 10:34:35', 'paid', 'Ok'),
(17, NULL, NULL, NULL, '44.60', NULL, NULL, '0.00', '1', '1', 0, '0.56', '4.00', '0.02', NULL, '20160822040717000000', NULL, NULL, 'Mon Aug 22 16:07:57 IST 2016', '44.60', NULL, '188018981', NULL, NULL, 'NB', 'null', '7893514850', 'sainikhil013@gmail.com', '', '18801898', '78429', '2016-08-22 10:37:17', 'paid', 'Ok'),
(18, '19', '33', 16, '133.80', '80.00', '40.00', '0.00', '2', '2', 2, '1.68', NULL, NULL, NULL, '20160822041718000000', NULL, NULL, 'Mon Aug 22 16:18:10 IST 2016', '133.80', NULL, '188019101', NULL, NULL, 'NB', 'null', '7893514850', 'sainikhil013@gmail.com', '', '18801910', '22380', '2016-08-22 10:47:18', 'paid', 'Ok'),
(19, '20', '34', 1, '78.06', '60.00', '10.00', '0.00', '2', '1', 0, '0.98', NULL, NULL, NULL, '20160822043138000000', NULL, NULL, NULL, NULL, NULL, '0', '0', '0', '0', '0', '0', '0', '0', '0', '0', '2016-08-22 11:01:38', 'unpaid', '0'),
(20, '21', '35', 1, '78.06', '60.00', '10.00', '0.00', '2', '1', 2, '0.98', '7.00', '0.04', '0.04', '20160822043938000000', NULL, NULL, 'Mon Aug 22 16:41:45 IST 2016', '78.06', NULL, '188019381', NULL, NULL, 'NB', 'null', '7893514850', 'sainikhil013@gmail.com', '', '18801938', '992826', '2016-08-22 11:09:38', 'paid', 'Ok'),
(21, '22', '36', 1, '89.20', '60.00', '20.00', '0.00', '2', '2', 0, '1.12', '8.00', '0.04', '0.04', '20160822045151000000', NULL, NULL, 'Mon Aug 22 16:53:06 IST 2016', '89.20', NULL, '188019421', NULL, NULL, 'NB', 'null', '7893514850', 'sainikhil013@gmail.com', '', '18801942', '371106', '2016-08-22 11:21:51', 'paid', 'Ok'),
(22, '23', '37', 1, '133.80', '60.00', '10.00', '50.00', '2', '1', 1, '1.68', '12.00', '0.06', '0.06', '20160822052149000000', NULL, NULL, 'Mon Aug 22 17:23:52 IST 2016', '133.80', NULL, '188019591', NULL, NULL, 'NB', 'null', '7893514850', 'sainikhil013@gmail.com', '', '18801959', '735405', '2016-08-22 11:51:49', 'paid', 'Ok'),
(23, '24', '38', 21, '2230.00', '2000.00', '0.00', '0.00', '2', '0', 0, '28.00', NULL, NULL, NULL, '20160822073253000000', NULL, NULL, 'Mon Aug 22 19:34:07 IST 2016', '2230.00', NULL, '188020281', NULL, NULL, 'NB', 'null', '7893514850', 'sainikhil013@gmail.com', '', '18802028', '981704', '2016-08-22 14:02:53', 'paid', 'Ok'),
(24, '25', '39', 21, '2230.00', '2000.00', '0.00', '0.00', '2', '0', 0, '28.00', '200.00', '1.00', '1.00', '20160822074235000000', NULL, NULL, 'Mon Aug 22 19:43:36 IST 2016', '2230.00', NULL, '188020301', NULL, NULL, 'NB', 'null', '7893514850', 'sainikhil013@gmail.com', '', '18802030', '408612', '2016-08-22 14:12:35', 'paid', 'Ok'),
(25, '26', '25', 21, '2230.00', '2000.00', '0.00', '0.00', '2', '0', 0, '28.00', '200.00', '1.00', '1.00', '20160822075030000000', NULL, NULL, 'Mon Aug 22 19:51:27 IST 2016', '2230.00', NULL, '188020341', NULL, NULL, 'NB', 'null', '7893514850', 'sainikhil013@gmail.com', '', '18802034', '290483', '2016-08-22 14:20:30', 'paid', 'Ok'),
(26, '27', '40', 1, '33.46', '30.00', '0.00', '0.00', '1', '0', 0, '0.42', '3.00', '0.02', '0.02', '20160822080539000000', '0116235189049', NULL, 'Mon Aug 22 20:08:23 IST 2016', '33.46', NULL, '123123', 'Transction Success', '323232', 'CC', '401288XXXXXX1881', '9177399175', 'akhil.shamanth@gmail.com', '', '18802038', '955005', '2016-08-22 14:35:39', 'paid', 'Ok'),
(27, '28', '42', 1, '133.80', '60.00', '10.00', '50.00', '2', '1', 1, '1.68', '12.00', '0.06', '0.06', '20160822090302000000', NULL, NULL, 'Mon Aug 22 21:03:47 IST 2016', '133.80', NULL, '188020461', NULL, NULL, 'NB', 'null', '7893514850', 'sainikhil013@gmail.com', '', '18802046', '487965', '2016-08-22 15:33:02', 'paid', 'Ok'),
(28, '29', '1', 17, '557.50', '500.00', '0.00', '0.00', '1', '1', 0, '7.00', '50.00', '0.25', '0.25', '20160822091436000000', NULL, NULL, NULL, NULL, NULL, '0', '0', '0', '0', '0', '0', '0', '0', '0', '0', '2016-08-22 15:44:36', 'unpaid', '0'),
(29, '30', '42', 1, '189.56', '60.00', '10.00', '100.00', '2', '1', 2, '2.38', '17.00', '0.09', '0.09', '20160822094139000000', NULL, NULL, 'Mon Aug 22 21:42:58 IST 2016', '189.56', NULL, '188020501', NULL, NULL, 'NB', 'null', '7893514850', 'sainikhil013@gmail.com', '', '18802050', '570046', '2016-08-22 16:11:39', 'paid', 'Ok'),
(30, '31', '1', 14, '3345.00', '3000.00', '0.00', '0.00', '1', '1', 0, '42.00', '300.00', '1.50', '1.50', '20160822095840000000', NULL, NULL, 'Mon Aug 22 21:59:33 IST 2016', '3345.00', NULL, '188020551', NULL, NULL, 'NB', 'null', '8886922279', 'sathi.satya@gmail.com', '', '18802055', '140423', '2016-08-22 16:28:40', 'paid', 'Ok'),
(31, '32', '42', 1, '189.56', '60.00', '10.00', '100.00', '2', '1', 2, '2.38', '17.00', '0.09', '0.09', '20160822095918000000', NULL, NULL, 'Mon Aug 22 22:00:01 IST 2016', '189.56', NULL, '188020571', NULL, NULL, 'NB', 'null', '7893514850', 'sainikhil013@gmail.com', '', '18802057', '248690', '2016-08-22 16:29:18', 'paid', 'Ok'),
(32, '33', '1', 15, '14495.00', '13000.00', '0.00', '0.00', '1', '1', 0, '182.0', '1300.00', '6.50', '6.50', '20160822100252000000', NULL, NULL, 'Mon Aug 22 22:03:43 IST 2016', '14495.00', NULL, '188020581', NULL, NULL, 'NB', 'null', '8886922279', 'sathi.satya@gmail.com', '', '18802058', '500894', '2016-08-22 16:32:52', 'paid', 'Ok'),
(33, NULL, '43', NULL, NULL, NULL, NULL, NULL, '0', '0', NULL, NULL, NULL, NULL, NULL, '20160822100849000000', '20160822100849000000', NULL, '2016-08-22', NULL, NULL, '0', '0', '0', '0', '0', '0', '0', '0', '0', '0', '2016-08-22 16:38:49', 'unpaid', '0'),
(34, '34', '1', 15, '28990.00', '26000.00', '0.00', '0.00', '2', '1', 0, '364.0', '2600.00', '13.00', '13.00', '20160822101135000000', NULL, NULL, NULL, NULL, NULL, '0', '0', '0', '0', '0', '0', '0', '0', '0', '0', '2016-08-22 16:41:35', 'unpaid', '0'),
(35, '35', '1', 14, '3345.00', '3000.00', '0.00', '0.00', '1', '1', 0, '42.00', '300.00', '1.50', '1.50', '20160822102017000000', NULL, NULL, 'Mon Aug 22 22:21:06 IST 2016', '3345.00', NULL, '188020611', NULL, NULL, 'NB', 'null', '8886922279', 'sathi.satya@gmail.com', '', '18802061', '562631', '2016-08-22 16:50:17', 'paid', 'Ok'),
(36, '36', '42', 1, '66.90', '60.00', '0.00', '0.00', '2', '0', 0, '0.84', '6.00', '0.03', '0.03', '20160822111359000000', NULL, NULL, 'Mon Aug 22 23:15:01 IST 2016', '66.90', NULL, '188020671', NULL, NULL, 'NB', 'null', '7893514850', 'sainikhil013@gmail.com', '', '18802067', '145113', '2016-08-22 17:43:59', 'paid', 'Ok'),
(37, '37', '42', 1, '66.90', '60.00', '0.00', '0.00', '2', '0', 0, '0.84', '6.00', '0.03', '0.03', '20160822111606000000', NULL, NULL, 'Mon Aug 22 23:16:52 IST 2016', '66.90', NULL, '188020681', NULL, NULL, 'NB', 'null', '7893514850', 'sainikhil013@gmail.com', '', '18802068', '345227', '2016-08-22 17:46:06', 'paid', 'Ok'),
(38, '38', '42', 1, '189.56', '60.00', '10.00', '100.00', '2', '1', 2, '2.38', '17.00', '0.09', '0.09', '20160822112543000000', NULL, NULL, 'Mon Aug 22 23:26:29 IST 2016', '189.56', NULL, '188020691', NULL, NULL, 'NB', 'null', '7893514850', 'sainikhil013@gmail.com', '', '18802069', '679926', '2016-08-22 17:55:43', 'paid', 'Ok'),
(39, '39', '42', 1, '66.90', '60.00', '0.00', '0.00', '2', '0', 0, '0.84', '6.00', '0.03', '0.03', '20160822114803000000', NULL, NULL, 'Mon Aug 22 23:48:55 IST 2016', '66.90', NULL, '188020701', NULL, NULL, 'NB', 'null', '7893514850', 'sainikhil013@gmail.com', '', '18802070', '171648', '2016-08-22 18:18:03', 'paid', 'Ok'),
(40, '44', '44', NULL, NULL, NULL, NULL, NULL, NULL, NULL, NULL, NULL, NULL, NULL, NULL, '20160823021411000000', NULL, NULL, NULL, NULL, NULL, '0', '0', '0', '0', '0', '0', '0', '0', '0', '0', '2016-08-22 20:44:11', 'unpaid', '0'),
(41, NULL, '', NULL, '2787.50', '2500.00', '0.00', '0.00', '1', '0', 0, '35', '250.00', '1.25', '1.25', '20160822095640000000', NULL, NULL, NULL, NULL, NULL, '0', '0', '0', '0', '0', '0', '0', '0', '0', '0', '2016-08-22 21:56:40', 'unpaid', '0'),
(42, NULL, '', NULL, '2787.50', '2500.00', '0.00', '0.00', '1', '0', 0, '35', '250.00', '1.25', '1.25', '20160822095656000000', NULL, NULL, NULL, NULL, NULL, '0', '0', '0', '0', '0', '0', '0', '0', '0', '0', '2016-08-22 21:56:56', 'unpaid', '0'),
(43, NULL, '', NULL, '189.56', '60.00', '10.00', '100.00', '2', '1', 2, '19.56', '19.56', '0.09', '0.09', '20160822101703000000', NULL, NULL, NULL, NULL, NULL, '0', '0', '0', '0', '0', '0', '0', '0', '0', '0', '2016-08-22 22:17:03', 'unpaid', '0'),
(44, NULL, '', NULL, '178.40', '60.00', '0.00', '100.00', '2', '0', 2, '18.40', '18.40', '0.08', '0.08', '20160822101818000000', NULL, NULL, NULL, NULL, NULL, '0', '0', '0', '0', '0', '0', '0', '0', '0', '0', '2016-08-22 22:18:18', 'unpaid', '0'),
(45, NULL, '', NULL, '178.40', '60.00', '0.00', '100.00', '2', '0', 2, '18.40', '18.40', '0.08', '0.08', '20160822101917000000', NULL, NULL, NULL, NULL, NULL, '0', '0', '0', '0', '0', '0', '0', '0', '0', '0', '2016-08-22 22:19:17', 'unpaid', '0'),
(46, NULL, '', NULL, '178.40', '60.00', '0.00', '100.00', '2', '0', 2, '18.40', '18.40', '0.08', '0.08', '20160822102647000000', NULL, NULL, NULL, NULL, NULL, '0', '0', '0', '0', '0', '0', '0', '0', '0', '0', '2016-08-22 22:26:47', 'unpaid', '0'),
(47, NULL, '', NULL, '200.70', '60.00', '20.00', '100.00', '2', '2', 2, '20.70', '20.70', '0.09', '0.09', '20160822103803000000', NULL, NULL, NULL, NULL, NULL, '0', '0', '0', '0', '0', '0', '0', '0', '0', '0', '2016-08-22 22:38:03', 'unpaid', '0'),
(48, NULL, '', NULL, '2230.00', '2000.00', '0.00', '0.00', '2', '0', 0, '28', '230.00', '1.00', '1.00', '20160822104020000000', NULL, NULL, NULL, NULL, NULL, '0', '0', '0', '0', '0', '0', '0', '0', '0', '0', '2016-08-22 22:40:20', 'unpaid', '0'),
(49, NULL, '', NULL, '5575.00', '5000.00', '0.00', '0.00', '2', '0', 0, '70', '500.00', '2.50', '2.50', '20160822105747000000', NULL, NULL, NULL, NULL, NULL, '0', '0', '0', '0', '0', '0', '0', '0', '0', '0', '2016-08-22 22:57:47', 'unpaid', '0'),
(50, '45', '45', NULL, NULL, NULL, NULL, '0.00', NULL, NULL, 0, NULL, NULL, NULL, NULL, '20160823044545000000', NULL, NULL, NULL, NULL, NULL, '0', '0', '0', '0', '0', '0', '0', '0', '0', '0', '2016-08-22 23:15:45', 'unpaid', '0'),
(51, '49', '1', 21, '1115.00', '1000.00', '0.00', '0.00', '1', '1', 0, '14.00', '100.00', '0.50', '0.50', '20160823050831000000', NULL, NULL, 'Tue Aug 23 05:09:37 IST 2016', '1115.00', NULL, '188020731', NULL, NULL, 'NB', 'null', '8886922279', 'sathi.satya@gmail.com', '', '18802073', '960567', '2016-08-22 23:38:31', 'paid', 'Ok'),
(52, NULL, '', NULL, '178.40', '60.00', '0.00', '100.00', '2', '0', 2, '18.40', '18.40', '0.08', '0.08', '20160822113855000000', NULL, NULL, NULL, NULL, NULL, '0', '0', '0', '0', '0', '0', '0', '0', '0', '0', '2016-08-22 23:38:55', 'unpaid', '0'),
(53, NULL, '', NULL, '14495.00', '13000.00', '0.00', '0.00', '1', '0', 0, '182', '1495.00', '6.50', '6.50', '20160823010606000000', NULL, NULL, NULL, NULL, NULL, '0', '0', '0', '0', '0', '0', '0', '0', '0', '0', '2016-08-23 01:06:06', 'unpaid', '0'),
(54, NULL, '', NULL, '5575.00', '5000.00', '0.00', '0.00', '2', '0', 0, '70', '500.00', '2.50', '2.50', '20160823014227000000', NULL, NULL, NULL, NULL, NULL, '0', '0', '0', '0', '0', '0', '0', '0', '0', '0', '2016-08-23 01:42:27', 'unpaid', '0'),
(55, NULL, '', NULL, '44.60', '30.00', '10.00', '0.00', '1', '1', 0, '4.60', '4.60', '0.02', '0.02', '20160823015836000000', NULL, NULL, NULL, NULL, NULL, '0', '0', '0', '0', '0', '0', '0', '0', '0', '0', '2016-08-23 01:58:36', 'unpaid', '0'),
(56, NULL, '', NULL, '2230.00', '2000.00', '0.00', '0.00', '2', '0', 0, '28', '230.00', '1.00', '1.00', '20160823021452000000', NULL, NULL, NULL, NULL, NULL, '0', '0', '0', '0', '0', '0', '0', '0', '0', '0', '2016-08-23 02:14:52', 'unpaid', '0'),
(57, NULL, '', NULL, '2230.00', '2000.00', '0.00', '0.00', '2', '0', 0, '28', '230.00', '1.00', '1.00', '20160823040328000000', NULL, NULL, NULL, NULL, NULL, '0', '0', '0', '0', '0', '0', '0', '0', '0', '0', '2016-08-23 04:03:28', 'unpaid', '0'),
(58, NULL, '', NULL, '6690.00', '6000.00', '0.00', '0.00', '2', '0', 0, '84', '690.00', '3.00', '3.00', '20160823040538000000', NULL, NULL, NULL, NULL, NULL, '0', '0', '0', '0', '0', '0', '0', '0', '0', '0', '2016-08-23 04:05:38', 'unpaid', '0'),
(59, NULL, '', NULL, '1115.00', '1000.00', '0.00', '0.00', '1', '1', 0, '14', '115.00', '0.50', '0.50', '20160823043232000000', NULL, NULL, NULL, NULL, NULL, '0', '0', '0', '0', '0', '0', '0', '0', '0', '0', '2016-08-23 04:32:32', 'unpaid', '0'),
(60, '58', '46', 23, '8585.50', '7700.00', '0.00', '0.00', '2', '0', 0, '107.8', '770.00', '3.85', '3.85', '20160823102112000000', NULL, NULL, NULL, NULL, NULL, '0', '0', '0', '0', '0', '0', '0', '0', '0', '0', '2016-08-23 04:51:12', 'unpaid', '0'),
(61, '59', '47', 23, '8585.50', '7700.00', '0.00', '0.00', '2', '0', 0, '107.8', '770.00', '3.85', '3.85', '20160823102145000000', NULL, NULL, NULL, NULL, NULL, '0', '0', '0', '0', '0', '0', '0', '0', '0', '0', '2016-08-23 04:51:45', 'unpaid', '0'),
(62, '60', '48', 1, '66.90', '60.00', '0.00', '0.00', '2', '0', 0, '0.84', '6.00', '0.03', '0.03', '20160823102707000000', NULL, NULL, NULL, NULL, NULL, '0', '0', '0', '0', '0', '0', '0', '0', '0', '0', '2016-08-23 04:57:07', 'unpaid', '0'),
(63, NULL, '', NULL, '6690.00', '6000.00', '0.00', '0.00', '2', '2', 0, '84', '690.00', '3.00', '3.00', '20160823050630000000', NULL, NULL, NULL, NULL, NULL, '0', '0', '0', '0', '0', '0', '0', '0', '0', '0', '2016-08-23 05:06:30', 'unpaid', '0'),
(64, '62', '49', 1, '66.90', '60.00', '0.00', '0.00', '2', '0', 0, '0.84', '6.00', '0.03', '0.03', '20160823110730000000', NULL, NULL, NULL, NULL, NULL, '0', '0', '0', '0', '0', '0', '0', '0', '0', '0', '2016-08-23 05:37:30', 'unpaid', '0'),
(65, '63', '50', 1, '33.46', '30.00', '0.00', '0.00', '1', '0', 0, '0.42', '3.00', '0.02', '0.02', '20160823121541000000', NULL, NULL, NULL, NULL, NULL, '0', '0', '0', '0', '0', '0', '0', '0', '0', '0', '2016-08-23 06:45:41', 'unpaid', '0'),
(66, '64', '51', 23, '4292.76', '3850.00', '0.00', '0.00', '1', '1', 0, '53.90', '385.00', '1.93', '1.93', '20160823024951000000', NULL, NULL, NULL, NULL, NULL, '0', '0', '0', '0', '0', '0', '0', '0', '0', '0', '2016-08-23 09:19:51', 'unpaid', '0'),
(67, '65', '52', 21, '1115.00', '1000.00', '0.00', '0.00', '1', '0', 0, '14.00', '100.00', '0.50', '0.50', '20160823063347000000', NULL, NULL, NULL, NULL, NULL, '0', '0', '0', '0', '0', '0', '0', '0', '0', '0', '2016-08-23 13:03:47', 'unpaid', '0'),
(68, '66', '26', 1, '33.46', '30.00', '0.00', '0.00', '1', '0', 0, '0.42', '3.00', '0.02', '0.02', '20160823071806000000', '0116236189127', NULL, 'Tue Aug 23 19:26:23 IST 2016', '33.46', NULL, '123123', 'Transction Success', '323232', 'CC', '555555XXXXXX4444', '9885754456', 'narendra.sharma202007@gmail.com', '20160823072522000000', '18802402', '803118', '2016-08-23 13:48:06', 'paid', 'Ok'),
(69, '67', '53', 1, '89.20', '30.00', '0.00', '50.00', '1', '0', 1, '1.12', '8.00', '0.04', '0.04', '20160823072838000000', NULL, NULL, 'Tue Aug 23 19:29:20 IST 2016', '89.20', NULL, '188024061', NULL, NULL, 'NB', 'null', '9885754456', 'narendra.sharma202007@gmail.com', '20160823072803000000', '18802406', '564812', '2016-08-23 13:58:38', 'paid', 'Ok'),
(70, '68', '54', 22, '2787.50', '2500.00', '0.00', '0.00', '1', '1', 0, '35.00', '250.00', '1.25', '1.25', '20160823073647000000', NULL, NULL, 'Tue Aug 23 19:37:41 IST 2016', '2787.50', NULL, '188024111', NULL, NULL, 'NB', 'null', '8886922279', 'sathi.satya@gmail.com', '20160823073555000000', '18802411', '2059', '2016-08-23 14:06:47', 'paid', 'Ok'),
(71, NULL, '55', NULL, '1115.00', '1000.00', '0.00', '0.00', '1', '0', 0, '14', '115.00', '0.50', '0.50', '20160823021020000000', NULL, NULL, NULL, NULL, NULL, '0', '0', '0', '0', '0', '0', '0', '0', '0', '0', '2016-08-23 14:10:20', 'unpaid', '0'),
(72, '70', '1', 23, '4292.76', '3850.00', '0.00', '0.00', '1', '1', 0, '53.90', '385.00', '1.93', '1.93', '20160823075728000000', NULL, NULL, 'Tue Aug 23 19:58:19 IST 2016', '4292.76', NULL, '188024211', NULL, NULL, 'NB', 'null', '8886922279', 'sathi.satya@gmail.com', '20160823075729000000', '18802421', '377379', '2016-08-23 14:27:28', 'paid', 'Ok'),
(73, '71', '1', 1, '133.80', '90.00', '30.00', '0.00', '3', '3', 0, '1.68', '12.00', '0.06', '0.06', '20160823080025000000', NULL, NULL, 'Tue Aug 23 20:01:13 IST 2016', '133.80', NULL, '188024231', NULL, NULL, 'NB', 'null', '8886922279', 'sathi.satya@gmail.com', '20160823080025000000', '18802423', '942074', '2016-08-23 14:30:25', 'paid', 'Ok'),
(74, NULL, '57', NULL, '211.86', '90.00', '0.00', '100.00', '3', '0', 2, '21.86', '21.86', '0.10', '0.10', '20160823023551000000', NULL, NULL, NULL, NULL, NULL, '0', '0', '0', '0', '0', '0', '0', '0', '0', '0', '2016-08-23 14:35:51', 'unpaid', '0'),
(75, NULL, '', NULL, '211.86', '90.00', '0.00', '0.00', '3', '0', 0, '2.66', '21.86', '0.10', '0.10', '20160823024024000000', NULL, NULL, NULL, NULL, NULL, '0', '0', '0', '0', '0', '0', '0', '0', '0', '0', '2016-08-23 14:40:24', 'unpaid', '0'),
(76, '74', '26', 1, '66.90', '60.00', '0.00', '0.00', '2', '0', 0, '0.84', '6.00', '0.03', '0.03', '20160823081920000000', NULL, NULL, 'Tue Aug 23 20:21:35 IST 2016', '66.90', NULL, '188024281', NULL, NULL, 'NB', 'null', '9885754456', 'narendra.sharma202007@gmail.com', '20160823082045000000', '18802428', '451437', '2016-08-23 14:49:20', 'failed', 'F'),
(77, NULL, '58', NULL, '2787.50', '2500.00', '0.00', '0.00', '1', '0', 0, '35', '250.00', '1.25', '1.25', '20160823032319000000', NULL, NULL, NULL, NULL, NULL, '0', '0', '0', '0', '0', '0', '0', '0', '0', '0', '2016-08-23 15:23:19', 'unpaid', '0'),
(78, NULL, '', NULL, '2787.50', '2500.00', '0.00', '0.00', '1', '0', 0, '35', '250.00', '1.25', '1.25', '20160823032537000000', NULL, NULL, NULL, NULL, NULL, '0', '0', '0', '0', '0', '0', '0', '0', '0', '0', '2016-08-23 15:25:37', 'unpaid', '0'),
(79, NULL, '', NULL, '267.60', '30.00', '10.00', '200.00', '1', '1', 4, '27.60', '27.60', '0.12', '0.12', '20160823032707000000', NULL, NULL, NULL, NULL, NULL, '0', '0', '0', '0', '0', '0', '0', '0', '0', '0', '2016-08-23 15:27:07', 'unpaid', '0'),
(80, NULL, '60', NULL, '66.90', NULL, NULL, NULL, '2', '0', 0, '0.84', '6.00', '0.03', '0.03', '20160823091326000000', NULL, NULL, 'Tue Aug 23 21:14:09 IST 2016', '66.90', NULL, '188024401', NULL, NULL, 'NB', 'null', '7893514850', 'sainikhil013@gmail.com', '20160823091009000000', '18802440', '675943', '2016-08-23 15:43:26', 'paid', 'Ok'),
(81, '79', '61', 1, '89.20', '60.00', '20.00', '0.00', '2', '2', 0, '1.12', '8.00', '0.04', '0.04', '20160823091719000000', NULL, NULL, 'Tue Aug 23 21:18:03 IST 2016', '89.20', NULL, '188024411', NULL, NULL, 'NB', 'null', '7893514850', 'sainikhil013@gmail.com', '20160823091554000000', '18802441', '884785', '2016-08-23 15:47:19', 'paid', 'Ok'),
(82, NULL, '', NULL, '89.20', '30.00', '0.00', '0.00', '1', '0', 0, '1.12', '9.20', '0.04', '0.04', '20160823050036000000', NULL, NULL, NULL, NULL, NULL, '0', '0', '0', '0', '0', '0', '0', '0', '0', '0', '2016-08-23 17:00:36', 'unpaid', '0'),
(83, NULL, '63', NULL, NULL, NULL, NULL, NULL, '0', '0', NULL, NULL, NULL, NULL, NULL, '20160823114115000000', '20160823114115000000', NULL, '2016-08-23', NULL, NULL, '0', '0', '0', '0', '0', '0', '0', '0', '0', '0', '2016-08-23 18:11:15', 'unpaid', '0'),
(84, '81', '65', 1, '100.36', '30.00', '10.00', '50.00', '1', '1', 1, '1.26', '9.00', '0.05', '0.05', '20160824105931000000', NULL, NULL, NULL, NULL, NULL, '0', '0', '0', '0', '0', '0', '0', '0', '0', '0', '2016-08-24 05:29:31', 'unpaid', '0'),
(85, '82', '66', 19, '1115.00', '1000.00', '0.00', '0.00', '1', '0', 0, '14.00', '100.00', '0.50', '0.50', '20160824114113000000', NULL, NULL, NULL, NULL, NULL, '0', '0', '0', '0', '0', '0', '0', '0', '0', '0', '2016-08-24 06:11:13', 'unpaid', '0'),
(86, '83', '66', 20, '4460.00', '4000.00', '0.00', '0.00', '2', '0', 0, '56.00', '400.00', '2.00', '2.00', '20160824114214000000', NULL, NULL, NULL, NULL, NULL, '0', '0', '0', '0', '0', '0', '0', '0', '0', '0', '2016-08-24 06:12:14', 'unpaid', '0'),
(87, '84', '66', 14, '6690.00', '6000.00', '0.00', '0.00', '2', '0', 0, '84.00', '600.00', '3.00', '3.00', '20160824114305000000', NULL, NULL, NULL, NULL, NULL, '0', '0', '0', '0', '0', '0', '0', '0', '0', '0', '2016-08-24 06:13:05', 'unpaid', '0'),
(88, '85', '66', 1, '100.36', '30.00', '10.00', '50.00', '1', '1', 1, '1.26', '9.00', '0.05', '0.05', '20160824114357000000', NULL, NULL, NULL, NULL, NULL, '0', '0', '0', '0', '0', '0', '0', '0', '0', '0', '2016-08-24 06:13:57', 'unpaid', '0'),
(89, '86', '56', 1, '55.76', '30.00', '20.00', '0.00', '1', '2', 0, '0.70', '5.00', '0.03', '0.03', '20160824123051000000', NULL, NULL, 'Wed Aug 24 12:32:57 IST 2016', '55.76', NULL, '188025871', NULL, NULL, 'NB', 'null', '9885754456', 'narendra.sharma202007@gmail.com', '20160824123208000000', '18802587', '900761', '2016-08-24 07:00:51', 'paid', 'Ok'),
(90, '87', '66', 1, '100.36', '30.00', '10.00', '50.00', '1', '1', 1, '1.26', '9.00', '0.05', '0.05', '20160824124048000000', NULL, NULL, 'Wed Aug 24 12:41:32 IST 2016', '100.36', NULL, 'NA', 'Cancel by User', NULL, NULL, NULL, NULL, NULL, '20160824124048000000', '0', '410413', '2016-08-24 07:10:48', 'failed', 'C'),
(91, '88', '67', 1, '78.06', '60.00', '10.00', '0.00', '2', '1', 0, '0.98', '7.00', '0.04', '0.04', '20160824124345000000', NULL, NULL, NULL, NULL, NULL, '0', '0', '0', '0', '0', '0', '0', '0', '0', '0', '2016-08-24 07:13:45', 'unpaid', '0'),
(106, NULL, '77', NULL, '133.80', NULL, NULL, NULL, '2', '1', 1, '1.68', '12.00', '0.06', '0.06', '20160824034019000000', NULL, NULL, 'Wed Aug 24 15:41:53 IST 2016', '133.80', NULL, '188027001', NULL, NULL, 'NB', 'null', '7893514850', 'sainikhil013@gmail.com', '20160824033942000000', '18802700', '388396', '2016-08-24 10:10:20', 'paid', 'Ok'),
(107, NULL, '', NULL, '89.20', '30.00', '0.00', '0.00', '1', '0', 0, '1.12', '9.20', '0.04', '0.04', '20160824102229000000', NULL, NULL, NULL, NULL, NULL, '0', '0', '0', '0', '0', '0', '0', '0', '0', '0', '2016-08-24 10:22:29', 'unpaid', '0'),
(108, NULL, '78', NULL, '189.56', '60.00', '10.00', '100.00', '2', '1', 2, '2.38', '17.00', '0.09', '0.09', '20160824041256000000', NULL, NULL, 'Wed Aug 24 16:14:01 IST 2016', '189.56', NULL, '188027381', NULL, NULL, 'NB', 'null', '7893514850', 'sainikhil013@gmail.com', '20160824041236000000', '18802738', '809681', '2016-08-24 10:42:56', 'paid', 'Ok'),
(109, NULL, '82', NULL, '89.20', '30.00', '0.00', '50.00', '1', '0', 1, '9.20', '9.20', '0.04', '0.04', '20160824110142000000', NULL, NULL, NULL, NULL, NULL, '0', '0', '0', '0', '0', '0', '0', '0', '0', '0', '2016-08-24 11:01:42', 'unpaid', '0'),
(110, NULL, '', NULL, '122.66', '60.00', '0.00', '50.00', '2', '0', 1, '12.66', '12.66', '0.06', '0.06', '20160824110247000000', NULL, NULL, NULL, NULL, NULL, '0', '0', '0', '0', '0', '0', '0', '0', '0', '0', '2016-08-24 11:02:47', 'unpaid', '0'),
(111, NULL, '', NULL, '89.20', '30.00', '0.00', '50.00', '1', '0', 1, '9.20', '9.20', '0.04', '0.04', '20160824110510000000', NULL, NULL, NULL, NULL, NULL, '0', '0', '0', '0', '0', '0', '0', '0', '0', '0', '2016-08-24 11:05:10', 'unpaid', '0'),
(112, NULL, '', NULL, '89.20', '30.00', '0.00', '50.00', '1', '0', 1, '9.20', '9.20', '0.04', '0.04', '20160824110631000000', NULL, NULL, NULL, NULL, NULL, '0', '0', '0', '0', '0', '0', '0', '0', '0', '0', '2016-08-24 11:06:31', 'unpaid', '0'),
(113, NULL, '', NULL, '89.20', '30.00', '0.00', '50.00', '1', '0', 1, '9.20', '9.20', '0.04', '0.04', '20160824110746000000', NULL, NULL, NULL, NULL, NULL, '0', '0', '0', '0', '0', '0', '0', '0', '0', '0', '2016-08-24 11:07:46', 'unpaid', '0'),
(114, NULL, '67', NULL, '89.20', '60.00', '20.00', '99.99', '2', '2', 0, '1.12', '8.00', '0.04', '0.04', '20160824043806000000', '20160824043806000000', NULL, '2016-08-24', '89.20', NULL, '0', '0', '0', '0', '0', '0', '0', '0', '0', '0', '2016-08-24 11:08:06', 'unpaid', '0'),
(115, NULL, '67', NULL, '89.20', '60.00', '20.00', '99.99', '2', '2', 0, '1.12', '8.00', '0.04', '0.04', '20160824043900000000', NULL, NULL, 'Wed Aug 24 16:39:51 IST 2016', '89.20', NULL, '188027671', NULL, NULL, 'NB', 'null', '7893514850', 'sainikhil013@gmail.com', '20160824043900000000', '18802767', '854553', '2016-08-24 11:09:00', 'paid', 'Ok'),
(116, NULL, '', NULL, '89.20', '30.00', '0.00', '50.00', '1', '0', 1, '9.20', '9.20', '0.04', '0.04', '20160824110901000000', NULL, NULL, 'Wed Aug 24 16:39:44 IST 2016', '89.00', NULL, '188027661', '0', '', 'NB', 'null', '9885754456', 'narendra.sharma202007@gmail.com', '0', '18802766', '767670', '2016-08-24 11:09:01', 'paid', 'Ok'),
(117, NULL, '', NULL, '144.96', '30.00', '0.00', '100.00', '1', '0', 2, '14.96', '14.96', '0.07', '0.07', '20160824111342000000', NULL, NULL, 'Wed Aug 24 16:44:30 IST 2016', '145.00', NULL, '188027691', '0', '', 'NB', 'null', '9885754456', 'narendra.sharma202007@gmail.com', '0', '18802769', '675148', '2016-08-24 11:13:42', 'paid', 'Ok'),
(118, NULL, '', NULL, '267.60', '90.00', '0.00', '150.00', '3', '0', 3, '27.60', '27.60', '0.12', '0.12', '20160824111517000000', NULL, NULL, 'Wed Aug 24 16:46:20 IST 2016', '268.00', NULL, '188027701', '0', '', 'NB', 'null', '7893514850', 'sainikhil013@gmail.com', '0', '18802770', '158668', '2016-08-24 11:15:17', 'paid', 'Ok'),
(119, NULL, '83', NULL, '78.06', '60.00', '10.00', '0.00', '2', '1', 0, '0.98', '7.00', '0.04', '0.04', '20160824044645000000', NULL, NULL, 'Wed Aug 24 16:47:57 IST 2016', '78.06', NULL, '188027731', NULL, NULL, 'NB', 'null', '7893514850', 'sainikhil013@gmail.com', '20160824044619000000', '18802773', '919096', '2016-08-24 11:16:45', 'paid', 'Ok'),
(120, NULL, '', NULL, '89.20', '30.00', '0.00', '50.00', '1', '0', 1, '9.20', '9.20', '0.04', '0.04', '20160824112020000000', NULL, NULL, 'Wed Aug 24 16:51:09 IST 2016', '89.00', NULL, '188027771', '0', '', 'NB', 'null', '9885754456', 'narendra.sharma202007@gmail.com', '0', '18802777', '789968', '2016-08-24 11:20:20', 'paid', 'Ok'),
(121, NULL, '', NULL, '89.20', '30.00', '0.00', '50.00', '1', '0', 1, '9.20', '9.20', '0.04', '0.04', '20160824113829000000', NULL, NULL, 'Wed Aug 24 17:09:16 IST 2016', '89.00', NULL, '188027891', '0', '', 'NB', 'null', '9885754456', 'narendra.sharma202007@gmail.com', '0', '18802789', '55081', '2016-08-24 11:38:29', 'paid', 'Ok'),
(122, '119', '84', 1, '100.36', '30.00', '10.00', '50.00', '1', '1', 1, '1.26', '9.00', '0.05', '0.05', '20160824051109000000', NULL, NULL, 'Wed Aug 24 17:11:54 IST 2016', '100.36', NULL, '188027921', NULL, NULL, 'NB', 'null', '9885754456', 'narendra.sharma202007@gmail.com', '20160824051109000000', '18802792', '640960', '2016-08-24 11:41:09', 'paid', 'Ok'),
(123, NULL, '85', NULL, '2230.00', '2000.00', '0.00', '0.00', '2', '0', 0, '28', '230.00', '1.00', '1.00', '20160824010635000000', NULL, NULL, 'Wed Aug 24 18:37:52 IST 2016', '2230.00', NULL, '188028941', '0', '', 'NB', 'null', '7893514850', 'sainikhil013@gmail.com', '0', '18802894', '220909', '2016-08-24 13:06:35', 'paid', 'Ok'),
(124, NULL, '', NULL, '189.56', '60.00', '10.00', '100.00', '2', '1', 2, '19.56', '19.56', '0.09', '0.09', '20160824011459000000', NULL, NULL, 'Wed Aug 24 18:46:05 IST 2016', '190.00', NULL, '188029041', '0', '', 'NB', 'null', '7893514850', 'sainikhil013@gmail.com', '0', '18802904', '582120', '2016-08-24 13:14:59', 'paid', 'Ok'),
(125, NULL, '86', NULL, '2230.00', '2000.00', '0.00', '0.00', '2', '2', 0, '28', '230.00', '1.00', '1.00', '20160824012339000000', NULL, NULL, 'Wed Aug 24 18:54:54 IST 2016', '2230.00', NULL, '188029101', '0', '', 'NB', 'null', '7893514850', 'sainikhil013@gmail.com', '0', '18802910', '638516', '2016-08-24 13:23:39', 'paid', 'Ok'),
(126, NULL, '', NULL, '2230.00', '2000.00', '0.00', '0.00', '2', '0', 0, '28', '230.00', '1.00', '1.00', '20160824014221000000', NULL, NULL, 'Wed Aug 24 19:13:18 IST 2016', '2230.00', NULL, '188029291', '0', '', 'NB', 'null', '7893514850', 'sainikhil013@gmail.com', '0', '18802929', '178725', '2016-08-24 13:42:21', 'paid', 'Ok'),
(127, NULL, '', NULL, '5575.00', '5000.00', '0.00', '0.00', '2', '0', 0, '70', '500.00', '2.50', '2.50', '20160824020531000000', NULL, NULL, 'Wed Aug 24 19:36:56 IST 2016', '5575.00', NULL, '188029381', '0', '', 'NB', 'null', '7893514850', 'sainikhil013@gmail.com', '0', '18802938', '208', '2016-08-24 14:05:31', 'paid', 'Ok'),
(128, NULL, '', NULL, '5575.00', '5000.00', '0.00', '0.00', '2', '0', 0, '70', '500.00', '2.50', '2.50', '20160824020706000000', NULL, NULL, 'Wed Aug 24 19:37:55 IST 2016', '5575.00', NULL, '188029391', '0', '', 'NB', 'null', '7893514850', 'sainikhil013@gmail.com', '0', '18802939', '282274', '2016-08-24 14:07:06', 'paid', 'Ok'),
(129, NULL, '90', NULL, '5575.00', '5000.00', '0.00', '0.00', '2', '0', 0, '70', '500.00', '2.50', '2.50', '20160824021023000000', NULL, NULL, 'Wed Aug 24 19:41:14 IST 2016', '5575.00', NULL, '188029401', '0', '', 'NB', 'null', '7893514850', 'sainikhil013@gmail.com', '0', '18802940', '130997', '2016-08-24 14:10:23', 'paid', 'Ok'),
(130, NULL, '', NULL, '5575.00', '5000.00', '0.00', '0.00', '2', '0', 0, '70', '500.00', '2.50', '2.50', '20160824030233000000', NULL, NULL, 'Wed Aug 24 20:33:25 IST 2016', '5575.00', NULL, '188029511', '0', '', 'NB', 'null', '7893514850', 'sainikhil013@gmail.com', '0', '18802951', '571350', '2016-08-24 15:02:33', 'paid', 'Ok'),
(131, NULL, '94', NULL, '5575.00', '5000.00', '0.00', '0.00', '2', '0', 0, '70', '500.00', '2.50', '2.50', '20160824031120000000', NULL, NULL, 'Wed Aug 24 20:42:11 IST 2016', '5575.00', NULL, '188029521', '0', '', 'NB', 'null', '7893514850', 'sai@gj.vhk', '0', '18802952', '588921', '2016-08-24 15:11:20', 'paid', 'Ok'),
(132, '129', '67', 1, '78.06', '60.00', '10.00', '0.00', '2', '1', 0, '0.98', '7.00', '0.04', '0.04', '20160824091757000000', NULL, NULL, NULL, NULL, NULL, '0', '0', '0', '0', '0', '0', '0', '0', '0', '0', '2016-08-24 15:47:57', 'unpaid', '0'),
(133, '130', '95', 1, '78.06', '60.00', '10.00', '0.00', '2', '1', 0, '0.98', '7.00', '0.04', '0.04', '20160824092533000000', NULL, NULL, 'Wed Aug 24 21:28:21 IST 2016', '78.06', NULL, '188029551', NULL, NULL, 'NB', 'null', '7893514850', 'sainikhil013@gmail.com', '20160824092332000000', '18802955', '756543', '2016-08-24 15:55:33', 'paid', 'Ok'),
(134, NULL, '', NULL, '5575.00', '5000.00', '0.00', '0.00', '2', '0', 0, '70', '500.00', '2.50', '2.50', '20160825053401000000', NULL, NULL, NULL, NULL, NULL, '0', '0', '0', '0', '0', '0', '0', '0', '0', '0', '2016-08-25 05:34:01', 'unpaid', '0'),
(135, NULL, '98', NULL, '5575.00', '5000.00', '0.00', '0.00', '2', '0', 0, '70', '500.00', '2.50', '2.50', '20160825055352000000', NULL, NULL, 'Thu Aug 25 11:24:49 IST 2016', '5575.00', NULL, '188030611', '0', '', 'NB', 'null', '7893514850', 'sainikhil013@g.com', '0', '18803061', '918151', '2016-08-25 05:53:52', 'paid', 'Ok'),
(136, '133', '1', 1, '44.60', '30.00', '10.00', '0.00', '1', '1', 0, '0.56', '4.00', '0.02', '0.02', '20160825123046000000', NULL, NULL, 'Thu Aug 25 12:31:42 IST 2016', '44.60', NULL, '188031221', NULL, NULL, 'NB', 'null', '8886922279', 'sathi.satya@gmail.com', '20160825123047000000', '18803122', '123068', '2016-08-25 07:00:46', 'paid', 'Ok'),
(150, NULL, '123', NULL, '5575.00', '5000.00', '0.00', '0.00', '2', '0', 0, '70', '500.00', '2.50', '2.50', '20160825082502000000', NULL, NULL, NULL, NULL, NULL, '0', '0', '0', '0', '0', '0', '0', '0', '0', '0', '2016-08-25 08:25:02', 'unpaid', '0'),
(151, NULL, '123', NULL, '5575.00', '5000.00', '0.00', '0.00', '2', '0', 0, '70', '500.00', '2.50', '2.50', '20160825082841000000', NULL, NULL, NULL, NULL, NULL, '0', '0', '0', '0', '0', '0', '0', '0', '0', '0', '2016-08-25 08:28:41', 'unpaid', '0'),
(152, NULL, '123', NULL, '5575.00', '5000.00', '0.00', '0.00', '2', '0', 0, '70', '500.00', '2.50', '2.50', '20160825083447000000', NULL, NULL, NULL, NULL, NULL, '0', '0', '0', '0', '0', '0', '0', '0', '0', '0', '2016-08-25 08:34:47', 'unpaid', '0'),
(153, NULL, '123', NULL, '5575.00', '5000.00', '0.00', '0.00', '2', '0', 0, '70', '500.00', '2.50', '2.50', '20160825092324000000', NULL, NULL, NULL, NULL, NULL, '0', '0', '0', '0', '0', '0', '0', '0', '0', '0', '2016-08-25 09:23:24', 'unpaid', '0'),
(154, '124', '124', NULL, NULL, NULL, NULL, NULL, NULL, NULL, NULL, NULL, NULL, NULL, NULL, '20160825060205000000', NULL, NULL, NULL, NULL, NULL, '0', '0', '0', '0', '0', '0', '0', '0', '0', '0', '2016-08-25 12:32:05', 'unpaid', '0'),
(155, '125', '125', NULL, NULL, NULL, NULL, '0.00', NULL, NULL, 0, '0.00', '0.00', '0.00', '0.00', '20160825060320000000', NULL, NULL, NULL, NULL, NULL, '0', '0', '0', '0', '0', '0', '0', '0', '0', '0', '2016-08-25 12:33:20', 'unpaid', '0'),
(156, NULL, '', NULL, '178.40', '60.00', '0.00', '100.00', '2', '0', 2, '18.40', '18.40', '0.08', '0.08', '20160825015440000000', NULL, NULL, 'Thu Aug 25 19:25:39 IST 2016', '178.00', NULL, '188039761', '0', '', 'NB', 'null', '7893514850', 'sainikhil013@gmail.com', '0', '18803976', '452036', '2016-08-25 13:54:40', 'paid', 'F'),
(157, NULL, '127', NULL, '156.10', '90.00', '0.00', '50.00', '3', '0', 1, '16.10', '16.10', '0.07', '0.07', '20160825072134000000', NULL, NULL, NULL, NULL, NULL, '0', '0', '0', '0', '0', '0', '0', '0', '0', '0', '2016-08-25 19:21:34', 'unpaid', '0'),
(158, NULL, '123', NULL, '5575.00', '5000.00', '0.00', '0.00', '2', '0', 0, '70', '500.00', '2.50', '2.50', '20160826061025000000', NULL, NULL, NULL, NULL, NULL, '0', '0', '0', '0', '0', '0', '0', '0', '0', '0', '2016-08-26 06:10:25', 'unpaid', '0'),
(159, NULL, '123', NULL, '5575.00', '5000.00', '0.00', '0.00', '2', '0', 0, '70', '500.00', '2.50', '2.50', '20160826061302000000', NULL, NULL, NULL, NULL, NULL, '0', '0', '0', '0', '0', '0', '0', '0', '0', '0', '2016-08-26 06:13:02', 'unpaid', '0'),
(160, NULL, '123', NULL, '5575.00', '5000.00', '0.00', '0.00', '2', '0', 0, '70', '500.00', '2.50', '2.50', '20160826062320000000', NULL, NULL, NULL, NULL, NULL, '0', '0', '0', '0', '0', '0', '0', '0', '0', '0', '2016-08-26 06:23:20', 'unpaid', '0'),
(161, NULL, '128', NULL, '5575.00', '5000.00', '0.00', '0.00', '2', '0', 0, '70', '500.00', '2.50', '2.50', '20160826062915000000', NULL, NULL, NULL, NULL, NULL, '0', '0', '0', '0', '0', '0', '0', '0', '0', '0', '2016-08-26 06:29:15', 'unpaid', '0'),
(162, NULL, '128', NULL, '5575.00', '5000.00', '0.00', '0.00', '2', '0', 0, '70', '500.00', '2.50', '2.50', '20160826063337', NULL, NULL, NULL, NULL, NULL, '0', '0', '0', '0', '0', '0', '0', '0', '0', '0', '2016-08-26 06:33:37', 'unpaid', '0'),
(163, NULL, '128', NULL, '5575.00', '5000.00', '0.00', '0.00', '2', '0', 0, '70', '500.00', '2.50', '2.50', '20160826063704', NULL, NULL, NULL, NULL, NULL, '0', '0', '0', '0', '0', '0', '0', '0', '0', '0', '2016-08-26 06:37:04', 'unpaid', '0'),
(164, NULL, '130', NULL, '5575.00', '5000.00', '0.00', '0.00', '2', '0', 0, '70', '500.00', '2.50', '2.50', '20160826064427', NULL, NULL, NULL, NULL, NULL, '0', '0', '0', '0', '0', '0', '0', '0', '0', '0', '2016-08-26 06:44:27', 'unpaid', '0'),
(165, NULL, '123', NULL, '2230.00', '2000.00', '0.00', '0.00', '2', '0', 0, '28', '230.00', '1.00', '1.00', '20160826065850000000', NULL, NULL, NULL, NULL, NULL, '0', '0', '0', '0', '0', '0', '0', '0', '0', '0', '2016-08-26 06:58:50', 'unpaid', '0'),
(166, NULL, '123', NULL, '2230.00', '2000.00', '0.00', '0.00', '2', '0', 0, '28', '230.00', '1.00', '1.00', '20160826065944000000', NULL, NULL, NULL, NULL, NULL, '0', '0', '0', '0', '0', '0', '0', '0', '0', '0', '2016-08-26 06:59:44', 'unpaid', '0'),
(167, NULL, '134', NULL, '2230.00', '2000.00', '0.00', '0.00', '2', '0', 0, '28', '230.00', '1.00', '1.00', '20160826071854000000', NULL, NULL, NULL, NULL, NULL, '0', '0', '0', '0', '0', '0', '0', '0', '0', '0', '2016-08-26 07:18:54', 'unpaid', '0'),
(168, NULL, '135', NULL, '2230.00', '2000.00', '0.00', '0.00', '2', '0', 0, '28', '230.00', '1.00', '1.00', '20160826072457000000', NULL, NULL, NULL, NULL, NULL, '0', '0', '0', '0', '0', '0', '0', '0', '0', '0', '2016-08-26 07:24:57', 'unpaid', '0'),
(169, NULL, '136', NULL, '200.70', '60.00', '20.00', '100.00', '2', '2', 2, '20.70', '20.70', '0.09', '0.09', '20160826073049000000', NULL, NULL, NULL, NULL, NULL, '0', '0', '0', '0', '0', '0', '0', '0', '0', '0', '2016-08-26 07:30:49', 'unpaid', '0'),
(170, NULL, '137', NULL, '200.70', '60.00', '20.00', '100.00', '2', '2', 2, '20.70', '20.70', '0.09', '0.09', '20160826073319000000', NULL, NULL, NULL, NULL, NULL, '0', '0', '0', '0', '0', '0', '0', '0', '0', '0', '2016-08-26 07:33:19', 'unpaid', '0'),
(171, NULL, '138', NULL, '200.70', '60.00', '20.00', '100.00', '2', '2', 2, '20.70', '20.70', '0.09', '0.09', '20160826074104000000', NULL, NULL, NULL, NULL, NULL, '0', '0', '0', '0', '0', '0', '0', '0', '0', '0', '2016-08-26 07:41:04', 'unpaid', '0'),
(177, NULL, '123', NULL, '200.70', '60.00', '20.00', '100.00', '2', '2', 2, '20.70', '20.70', '0.09', '0.09', '20160826081718000000', NULL, NULL, NULL, NULL, NULL, '0', '0', '0', '0', '0', '0', '0', '0', '0', '0', '2016-08-26 08:17:18', 'unpaid', '0'),
(178, NULL, '123', NULL, '5575.00', '5000.00', '0.00', '0.00', '2', '0', 0, '70', '500.00', '2.50', '2.50', '20160826082810000000', NULL, NULL, NULL, NULL, NULL, '0', '0', '0', '0', '0', '0', '0', '0', '0', '0', '2016-08-26 08:28:10', 'unpaid', '0'),
(179, NULL, '123', NULL, '5575.00', '5000.00', '0.00', '0.00', '2', '0', 0, '70', '500.00', '2.50', '2.50', '20160826082854000000', NULL, NULL, NULL, NULL, NULL, '0', '0', '0', '0', '0', '0', '0', '0', '0', '0', '2016-08-26 08:28:54', 'unpaid', '0'),
(180, NULL, '123', NULL, '5575.00', '5000.00', '0.00', '0.00', '2', '0', 0, '70', '500.00', '2.50', '2.50', '20160826083138000000', NULL, NULL, NULL, NULL, NULL, '0', '0', '0', '0', '0', '0', '0', '0', '0', '0', '2016-08-26 08:31:38', 'unpaid', '0'),
(181, NULL, '140', NULL, '211.86', '90.00', '0.00', '100.00', '3', '0', 2, '21.86', '21.86', '0.10', '0.10', '20160826083628000000', NULL, NULL, NULL, NULL, NULL, '0', '0', '0', '0', '0', '0', '0', '0', '0', '0', '2016-08-26 08:36:28', 'unpaid', '0'),
(182, NULL, '141', NULL, '267.60', '90.00', '0.00', '150.00', '3', '0', 3, '27.60', '27.60', '0.12', '0.12', '20160826084105000000', NULL, NULL, NULL, NULL, NULL, '0', '0', '0', '0', '0', '0', '0', '0', '0', '0', '2016-08-26 08:41:05', 'unpaid', '0'),
(183, NULL, '123', NULL, '178.40', '60.00', '0.00', '100.00', '2', '0', 2, '18.40', '18.40', '0.08', '0.08', '20160826084254000000', NULL, NULL, NULL, NULL, NULL, '0', '0', '0', '0', '0', '0', '0', '0', '0', '0', '2016-08-26 08:42:54', 'unpaid', '0'),
(184, NULL, '142', NULL, '200.70', '60.00', '20.00', '100.00', '2', '2', 2, '20.70', '20.70', '0.09', '0.09', '20160826084356000000', NULL, NULL, NULL, NULL, NULL, '0', '0', '0', '0', '0', '0', '0', '0', '0', '0', '2016-08-26 08:43:56', 'unpaid', '0'),
(185, NULL, '143', NULL, '133.80', '60.00', '10.00', '50.00', '2', '1', 1, '13.80', '13.80', '0.06', '0.06', '20160826084501000000', NULL, NULL, NULL, NULL, NULL, '0', '0', '0', '0', '0', '0', '0', '0', '0', '0', '2016-08-26 08:45:01', 'unpaid', '0'),
(186, NULL, '144', NULL, '289.90', '60.00', '0.00', '200.00', '2', '0', 4, '29.90', '29.90', '0.13', '0.13', '20160826084640000000', NULL, NULL, NULL, NULL, NULL, '0', '0', '0', '0', '0', '0', '0', '0', '0', '0', '2016-08-26 08:46:40', 'unpaid', '0'),
(187, NULL, '1', NULL, '2787.50', '2500.00', '0.00', '0.00', '1', '1', 0, '35', '250.00', '1.25', '1.25', '20160826085209000000', NULL, NULL, NULL, NULL, NULL, '0', '0', '0', '0', '0', '0', '0', '0', '0', '0', '2016-08-26 08:52:09', 'unpaid', '0'),
(188, NULL, '123', NULL, '5575.00', '5000.00', '0.00', '0.00', '2', '0', 0, '70', '500.00', '2.50', '2.50', '20160826085643000000', NULL, NULL, NULL, NULL, NULL, '0', '0', '0', '0', '0', '0', '0', '0', '0', '0', '2016-08-26 08:56:43', 'unpaid', '0'),
(189, NULL, '145', NULL, '323.34', '90.00', '0.00', '200.00', '3', '0', 4, '33.34', '33.34', '0.14', '0.14', '20160826090409000000', NULL, NULL, NULL, NULL, NULL, '0', '0', '0', '0', '0', '0', '0', '0', '0', '0', '2016-08-26 09:04:09', 'unpaid', '0'),
(190, '185', '146', 1, '33.46', '30.00', '0.00', '0.00', '1', '0', 0, '0.42', '3.00', '0.02', '0.02', '20160826023639000000', NULL, NULL, 'Fri Aug 26 14:37:27 IST 2016', '33.46', NULL, '188042001', NULL, NULL, 'NB', 'null', '9885754456', 'narendra.sharma202007@gmail.com', '20160826023604000000', '18804200', '297668', '2016-08-26 09:06:39', 'paid', 'Ok'),
(191, NULL, '123', NULL, '5575.00', '5000.00', '0.00', '0.00', '2', '0', 0, '70', '500.00', '2.50', '2.50', '20160826091000000000', NULL, NULL, NULL, NULL, NULL, '0', '0', '0', '0', '0', '0', '0', '0', '0', '0', '2016-08-26 09:10:00', 'unpaid', '0'),
(192, NULL, '123', NULL, '89.20', '30.00', '0.00', '50.00', '1', '0', 1, '9.20', '9.20', '0.04', '0.04', '20160826101535000000', NULL, NULL, NULL, NULL, NULL, '0', '0', '0', '0', '0', '0', '0', '0', '0', '0', '2016-08-26 10:15:35', 'unpaid', '0'),
(193, NULL, '123', NULL, '89.20', '30.00', '0.00', '50.00', '1', '0', 1, '9.20', '9.20', '0.04', '0.04', '20160826102656000000', NULL, NULL, NULL, NULL, NULL, '0', '0', '0', '0', '0', '0', '0', '0', '0', '0', '2016-08-26 10:26:56', 'unpaid', '0'),
(194, NULL, '147', NULL, '323.34', '90.00', '0.00', '200.00', '3', '0', 4, '33.34', '33.34', '0.14', '0.14', '20160826104603000000', NULL, NULL, NULL, NULL, NULL, '0', '0', '0', '0', '0', '0', '0', '0', '0', '0', '2016-08-26 10:46:03', 'unpaid', '0'),
(195, NULL, '123', NULL, '5575.00', '5000.00', '0.00', '0.00', '2', '0', 0, '70', '500.00', '2.50', '2.50', '20160826104936000000', NULL, NULL, 'Fri Aug 26 16:20:50 IST 2016', '5575.00', NULL, '188042631', '0', '', 'NB', 'null', '7893514850', 'sainikhil013@gmail.com', '0', '18804263', '297834', '2016-08-26 10:49:36', 'paid', 'Ok'),
(196, NULL, '148', NULL, '267.60', '90.00', '0.00', '150.00', '3', '0', 3, '27.60', '27.60', '0.12', '0.12', '20160826105448000000', NULL, NULL, 'Fri Aug 26 16:26:16 IST 2016', '268.00', NULL, '188042671', '0', '', 'NB', 'null', '9052289585', 'siva.knv@gmail.com', '0', '18804267', '6015', '2016-08-26 10:54:48', 'paid', 'Ok'),
(197, NULL, '123', NULL, '200.70', '60.00', '20.00', '100.00', '2', '2', 2, '20.70', '20.70', '0.09', '0.09', '20160826110353000000', NULL, NULL, NULL, NULL, NULL, '0', '0', '0', '0', '0', '0', '0', '0', '0', '0', '2016-08-26 11:03:53', 'unpaid', '0'),
(198, NULL, '1', NULL, '1115.00', '1000.00', '0.00', '0.00', '1', '0', 0, '14', '115.00', '0.50', '0.50', '20160826110806000000', NULL, NULL, NULL, NULL, NULL, '0', '0', '0', '0', '0', '0', '0', '0', '0', '0', '2016-08-26 11:08:06', 'unpaid', '0'),
(199, NULL, '1', NULL, '33.44', '30.00', '0.00', '0.00', '1', '0', 0, '3.44', '3.44', '0.01', '0.01', '20160826111757000000', NULL, NULL, NULL, NULL, NULL, '0', '0', '0', '0', '0', '0', '0', '0', '0', '0', '2016-08-26 11:17:57', 'unpaid', '0'),
(200, NULL, '1', NULL, '301.06', '270.00', '0.00', '0.00', '9', '0', 0, '31.06', '31.06', '0.14', '0.14', '20160826111904000000', NULL, NULL, NULL, NULL, NULL, '0', '0', '0', '0', '0', '0', '0', '0', '0', '0', '2016-08-26 11:19:04', 'unpaid', '0'),
(201, NULL, '123', NULL, '89.20', '30.00', '0.00', '50.00', '1', '0', 1, '9.20', '9.20', '0.04', '0.04', '20160826112041000000', NULL, NULL, 'Fri Aug 26 16:51:42 IST 2016', '89.00', NULL, '188042851', '0', '', 'NB', 'null', '7893514850', 'sainikhil013@gmail.com', '0', '18804285', '559717', '2016-08-26 11:20:41', 'paid', 'Ok'),
(202, NULL, '123', NULL, '1115.00', '1000.00', '0.00', '0.00', '1', '0', 0, '14', '115.00', '0.50', '0.50', '20160826113126000000', NULL, NULL, NULL, NULL, NULL, '0', '0', '0', '0', '0', '0', '0', '0', '0', '0', '2016-08-26 11:31:26', 'unpaid', '0'),
(203, NULL, '123', NULL, '89.20', '30.00', '0.00', '50.00', '1', '0', 1, '9.20', '9.20', '0.04', '0.04', '20160826113551000000', NULL, NULL, NULL, NULL, NULL, '0', '0', '0', '0', '0', '0', '0', '0', '0', '0', '2016-08-26 11:35:51', 'unpaid', '0'),
(204, NULL, '123', NULL, '33.44', '30.00', '0.00', '0.00', '1', '0', 0, '3.44', '3.44', '0.01', '0.01', '20160826113639000000', NULL, NULL, 'Fri Aug 26 17:07:53 IST 2016', '33.00', NULL, '188043061', '0', '', 'NB', 'null', '7893514850', 'sainikhil013@gmail.com', '0', '18804306', '60364', '2016-08-26 11:36:39', 'paid', 'Ok'),
(205, NULL, '149', NULL, '211.86', '90.00', '0.00', '100.00', '3', '0', 2, '21.86', '21.86', '0.10', '0.10', '20160826122226000000', NULL, NULL, NULL, NULL, NULL, '0', '0', '0', '0', '0', '0', '0', '0', '0', '0', '2016-08-26 12:22:26', 'unpaid', '0'),
(206, NULL, '151', NULL, '211.86', '90.00', '0.00', '100.00', '3', '0', 2, '21.86', '21.86', '0.10', '0.10', '20160826123116000000', NULL, NULL, NULL, NULL, NULL, '0', '0', '0', '0', '0', '0', '0', '0', '0', '0', '2016-08-26 12:31:16', 'unpaid', '0'),
(207, NULL, '152', NULL, '267.60', '90.00', '0.00', '150.00', '3', '0', 3, '27.60', '27.60', '0.12', '0.12', '20160826123916000000', NULL, NULL, NULL, NULL, NULL, '0', '0', '0', '0', '0', '0', '0', '0', '0', '0', '2016-08-26 12:39:16', 'unpaid', '0'),
(208, NULL, '123', NULL, '178.40', '60.00', '0.00', '100.00', '2', '0', 2, '18.40', '18.40', '0.08', '0.08', '20160826124232000000', NULL, NULL, 'Fri Aug 26 18:13:32 IST 2016', '178.00', NULL, '188043441', '0', '', 'NB', 'null', '7893514850', 'sainikhil013@gmail.com', '0', '18804344', '354137', '2016-08-26 12:42:32', 'paid', 'Ok'),
(209, NULL, '153', NULL, '256.46', '90.00', '40.00', '100.00', '3', '4', 2, '26.46', '26.46', '0.12', '0.12', '20160826011605000000', NULL, NULL, NULL, NULL, NULL, '0', '0', '0', '0', '0', '0', '0', '0', '0', '0', '2016-08-26 13:16:05', 'unpaid', '0'),
(210, NULL, '154', NULL, '323.34', '90.00', '0.00', '200.00', '3', '0', 4, '33.34', '33.34', '0.14', '0.14', '20160826011944000000', NULL, NULL, NULL, NULL, NULL, '0', '0', '0', '0', '0', '0', '0', '0', '0', '0', '2016-08-26 13:19:44', 'unpaid', '0');
INSERT INTO `tblpayments` (`paymentid`, `bookingid`, `customerid`, `packageid`, `totalcost`, `adultpriceperticket`, `childpriceperticket`, `kidsmealprice`, `numberofadults`, `numberofchildren`, `noofkidsmeal`, `servicetax`, `internetcharges`, `swachhbharath`, `krishkalyancess`, `ticketnumber`, `transaction_id`, `referenceno`, `transdate`, `amount`, `response`, `banktransaction`, `transactiondescription`, `authorizationcode`, `discriminator`, `cardnumber`, `billingphone`, `billingemail`, `udf9`, `mmp_txn`, `mer_txn`, `transactiontime`, `status`, `responsestatus`) VALUES
(211, NULL, '123', NULL, '5575.00', '5000.00', '0.00', '0.00', '2', '0', 0, '70', '500.00', '2.50', '2.50', '20160826012134000000', NULL, NULL, NULL, NULL, NULL, '0', '0', '0', '0', '0', '0', '0', '0', '0', '0', '2016-08-26 13:21:34', 'unpaid', '0'),
(212, NULL, '155', NULL, '8362.50', '7500.00', '0.00', '0.00', '3', '0', 0, '105', '750.00', '3.75', '3.75', '20160826012706', NULL, NULL, NULL, NULL, NULL, '0', '0', '0', '0', '0', '0', '0', '0', '0', '0', '2016-08-26 13:27:06', 'unpaid', '0'),
(213, NULL, '84', NULL, '8362.50', '7500.00', '0.00', '0.00', '3', '0', 0, '105', '750.00', '3.75', '3.75', '20160826013333000000', NULL, NULL, NULL, NULL, NULL, '0', '0', '0', '0', '0', '0', '0', '0', '0', '0', '2016-08-26 13:33:33', 'unpaid', '0'),
(214, NULL, '84', NULL, '91987.50', '82500.00', '0.00', '0.00', '33', '0', 0, '1155', '8250.00', '41.25', '41.25', '20160826013641000000', NULL, NULL, 'Fri Aug 26 19:07:47 IST 2016', '91988.00', NULL, '188043721', '0', '', 'NB', 'null', '9885754456', 'narendra.sharma202007@gmail.com', '0', '18804372', '146708', '2016-08-26 13:36:41', 'paid', 'Ok'),
(215, NULL, '84', NULL, '5575.00', '5000.00', '0.00', '0.00', '2', '0', 0, '70', '500.00', '2.50', '2.50', '20160826014035000000', NULL, NULL, 'Fri Aug 26 19:11:36 IST 2016', '5575.00', NULL, '188043751', '0', '', 'NB', 'null', '9885754456', 'narendra.sharma202007@gmail.com', '0', '18804375', '496821', '2016-08-26 13:40:35', 'paid', 'Ok'),
(216, NULL, '156', NULL, '624.40', '240.00', '70.00', '250.00', '8', '7', 5, '64.40', '64.40', '0.28', '0.28', '20160826015206000000', NULL, NULL, NULL, NULL, NULL, '0', '0', '0', '0', '0', '0', '0', '0', '0', '0', '2016-08-26 13:52:06', 'unpaid', '0'),
(217, NULL, '123', NULL, '8585.50', '7700.00', '0.00', '0.00', '2', '0', 0, '107.8', '770.00', '3.85', '3.85', '20160826020315000000', NULL, NULL, 'Fri Aug 26 19:34:13 IST 2016', '8586.00', NULL, '188043901', '0', '', 'NB', 'null', '7893514850', 'sainikhil013@gmail.com', '0', '18804390', '102918', '2016-08-26 14:03:15', 'paid', 'Ok'),
(218, NULL, '84', NULL, '5575.00', '5000.00', '0.00', '0.00', '2', '0', 0, '70', '500.00', '2.50', '2.50', '20160826020605000000', NULL, NULL, NULL, NULL, NULL, '0', '0', '0', '0', '0', '0', '0', '0', '0', '0', '2016-08-26 14:06:05', 'unpaid', '0'),
(219, NULL, '1', NULL, '2787.50', '2500.00', '0.00', '0.00', '1', '0', 0, '35', '250.00', '1.25', '1.25', '20160826021331000000', NULL, NULL, NULL, NULL, NULL, '0', '0', '0', '0', '0', '0', '0', '0', '0', '0', '2016-08-26 14:13:31', 'unpaid', '0'),
(220, NULL, '1', NULL, '2787.50', '2500.00', '0.00', '0.00', '1', '0', 0, '35', '250.00', '1.25', '1.25', '20160826021753000000', NULL, NULL, NULL, NULL, NULL, '0', '0', '0', '0', '0', '0', '0', '0', '0', '0', '2016-08-26 14:17:53', 'unpaid', '0'),
(221, NULL, '84', NULL, '5575.00', '5000.00', '0.00', '0.00', '2', '0', 0, '70', '500.00', '2.50', '2.50', '20160826021828000000', NULL, NULL, NULL, NULL, NULL, '0', '0', '0', '0', '0', '0', '0', '0', '0', '0', '2016-08-26 14:18:28', 'unpaid', '0'),
(222, NULL, '1', NULL, '2787.50', '2500.00', '0.00', '0.00', '1', '0', 0, '35', '250.00', '1.25', '1.25', '20160826022741000000', NULL, NULL, NULL, NULL, NULL, '0', '0', '0', '0', '0', '0', '0', '0', '0', '0', '2016-08-26 14:27:41', 'unpaid', '0'),
(223, NULL, '84', NULL, '8362.50', '7500.00', '0.00', '0.00', '3', '0', 0, '105', '750.00', '3.75', '3.75', '20160826022758000000', NULL, NULL, NULL, NULL, NULL, '0', '0', '0', '0', '0', '0', '0', '0', '0', '0', '2016-08-26 14:27:58', 'unpaid', '0'),
(224, NULL, '1', NULL, '66.90', '60.00', '0.00', '0.00', '2', '0', 0, '6.90', '6.90', '0.03', '0.03', '20160826022901000000', NULL, NULL, NULL, NULL, NULL, '0', '0', '0', '0', '0', '0', '0', '0', '0', '0', '2016-08-26 14:29:01', 'unpaid', '0'),
(225, NULL, '123', NULL, '8362.50', '7500.00', '0.00', '0.00', '3', '0', 0, '105', '750.00', '3.75', '3.75', '20160826023843000000', NULL, NULL, NULL, NULL, NULL, '0', '0', '0', '0', '0', '0', '0', '0', '0', '0', '2016-08-26 14:38:43', 'unpaid', '0'),
(226, NULL, '123', NULL, '8362.50', '7500.00', '0.00', '0.00', '3', '0', 0, '105', '750.00', '3.75', '3.75', '20160826024423000000', NULL, NULL, NULL, NULL, NULL, '0', '0', '0', '0', '0', '0', '0', '0', '0', '0', '2016-08-26 14:44:23', 'unpaid', '0'),
(227, NULL, '123', NULL, '8362.50', '7500.00', '0.00', '0.00', '3', '0', 0, '105', '750.00', '3.75', '3.75', '20160826030327000000', NULL, NULL, NULL, NULL, NULL, '0', '0', '0', '0', '0', '0', '0', '0', '0', '0', '2016-08-26 15:03:27', 'unpaid', '0'),
(228, NULL, '123', NULL, '8362.50', '7500.00', '0.00', '0.00', '3', '0', 0, '105', '750.00', '3.75', '3.75', '20160826030800000000', NULL, NULL, NULL, NULL, NULL, '0', '0', '0', '0', '0', '0', '0', '0', '0', '0', '2016-08-26 15:08:00', 'unpaid', '0'),
(229, NULL, '158', NULL, '602.10', '240.00', '50.00', '250.00', '8', '5', 5, '62.10', '62.10', '0.27', '0.27', '20160826031335000000', NULL, NULL, 'Fri Aug 26 20:44:34 IST 2016', '602.00', NULL, '188044201', '0', '', 'NB', 'null', '9849845571', 'sukumar.madishetti@gmail.com', '0', '18804420', '429153', '2016-08-26 15:13:35', 'paid', 'Ok'),
(230, NULL, '123', NULL, '267.60', '90.00', '0.00', '150.00', '3', '0', 3, '27.60', '27.60', '0.12', '0.12', '20160826032950000000', NULL, NULL, NULL, NULL, NULL, '0', '0', '0', '0', '0', '0', '0', '0', '0', '0', '2016-08-26 15:29:50', 'unpaid', '0'),
(231, NULL, '123', NULL, '267.60', '90.00', '0.00', '150.00', '3', '0', 3, '27.60', '27.60', '0.12', '0.12', '20160826034044000000', NULL, NULL, NULL, NULL, NULL, '0', '0', '0', '0', '0', '0', '0', '0', '0', '0', '2016-08-26 15:40:44', 'unpaid', '0'),
(232, NULL, '123', NULL, '234.14', '60.00', '0.00', '150.00', '2', '0', 3, '24.14', '24.14', '0.10', '0.10', '20160826034340000000', NULL, NULL, NULL, NULL, NULL, '0', '0', '0', '0', '0', '0', '0', '0', '0', '0', '2016-08-26 15:43:40', 'unpaid', '0'),
(233, NULL, '123', NULL, '156.10', '90.00', '0.00', '50.00', '3', '0', 1, '16.10', '16.10', '0.07', '0.07', '20160826034459000000', NULL, NULL, NULL, NULL, NULL, '0', '0', '0', '0', '0', '0', '0', '0', '0', '0', '2016-08-26 15:44:59', 'unpaid', '0'),
(234, NULL, '159', NULL, '89.20', '30.00', '0.00', '50.00', '1', '0', 1, '9.20', '9.20', '0.04', '0.04', '20160826034705000000', NULL, NULL, NULL, NULL, NULL, '0', '0', '0', '0', '0', '0', '0', '0', '0', '0', '2016-08-26 15:47:05', 'unpaid', '0'),
(235, NULL, '160', NULL, '2787.50', '2500.00', '0.00', '0.00', '1', '0', 0, '35', '250.00', '1.25', '1.25', '20160826034752', NULL, NULL, NULL, NULL, NULL, '0', '0', '0', '0', '0', '0', '0', '0', '0', '0', '2016-08-26 15:47:52', 'unpaid', '0'),
(236, NULL, '161', NULL, '267.60', '90.00', '0.00', '150.00', '3', '0', 3, '27.60', '27.60', '0.12', '0.12', '20160826035114000000', NULL, NULL, NULL, NULL, NULL, '0', '0', '0', '0', '0', '0', '0', '0', '0', '0', '2016-08-26 15:51:14', 'unpaid', '0'),
(237, NULL, '162', NULL, '211.86', '90.00', '0.00', '100.00', '3', '0', 2, '21.86', '21.86', '0.10', '0.10', '20160826035313000000', NULL, NULL, NULL, NULL, NULL, '0', '0', '0', '0', '0', '0', '0', '0', '0', '0', '2016-08-26 15:53:13', 'unpaid', '0'),
(238, NULL, '163', NULL, '323.34', '90.00', '0.00', '200.00', '3', '0', 4, '33.34', '33.34', '0.14', '0.14', '20160826035745000000', NULL, NULL, NULL, NULL, NULL, '0', '0', '0', '0', '0', '0', '0', '0', '0', '0', '2016-08-26 15:57:45', 'unpaid', '0'),
(239, '235', '164', 1, '33.46', '30.00', '0.00', '0.00', '1', '0', 0, '0.42', '3.00', '0.02', '0.02', '147222714228', NULL, NULL, 'Fri Aug 26 21:29:59 IST 2016', '33.46', NULL, 'NA', 'Cancel by User', NULL, NULL, NULL, NULL, NULL, '20160826092820000000', '0', '519170', '2016-08-26 15:59:02', 'failed', 'C'),
(240, NULL, '165', NULL, '211.86', '90.00', '0.00', '100.00', '3', '0', 2, '21.86', '21.86', '0.10', '0.10', '20160826040057000000', NULL, NULL, NULL, NULL, NULL, '0', '0', '0', '0', '0', '0', '0', '0', '0', '0', '2016-08-26 16:00:57', 'unpaid', '0'),
(241, NULL, '166', NULL, '211.86', '90.00', '0.00', '100.00', '3', '0', 2, '21.86', '21.86', '0.10', '0.10', '20160826040336000000', NULL, NULL, NULL, NULL, NULL, '0', '0', '0', '0', '0', '0', '0', '0', '0', '0', '2016-08-26 16:03:36', 'unpaid', '0'),
(242, NULL, '1', NULL, '66.90', '60.00', '0.00', '0.00', '2', '0', 0, '6.90', '6.90', '0.03', '0.03', '20160826040722000000', NULL, NULL, NULL, NULL, NULL, '0', '0', '0', '0', '0', '0', '0', '0', '0', '0', '2016-08-26 16:07:22', 'unpaid', '0'),
(243, NULL, '167', NULL, '13380.00', '12000.00', '0.00', '0.00', '12', '2', 0, '168', '1380.00', '6.00', '6.00', '20160826043529000000', NULL, NULL, NULL, NULL, NULL, '0', '0', '0', '0', '0', '0', '0', '0', '0', '0', '2016-08-26 16:35:29', 'unpaid', '0'),
(244, NULL, '123', NULL, '1115.00', '1000.00', '0.00', '0.00', '1', '0', 0, '14', '115.00', '0.50', '0.50', '20160826043542000000', NULL, NULL, NULL, NULL, NULL, '0', '0', '0', '0', '0', '0', '0', '0', '0', '0', '2016-08-26 16:35:42', 'unpaid', '0'),
(245, NULL, '167', NULL, '44.60', '30.00', '10.00', '0.00', '1', '1', 0, '4.60', '4.60', '0.02', '0.02', '20160826044712000000', NULL, NULL, NULL, NULL, NULL, '0', '0', '0', '0', '0', '0', '0', '0', '0', '0', '2016-08-26 16:47:12', 'unpaid', '0'),
(246, NULL, '167', NULL, '100.34', '30.00', '10.00', '50.00', '1', '1', 1, '10.34', '10.34', '0.04', '0.04', '20160826045007000000', NULL, NULL, NULL, NULL, NULL, '0', '0', '0', '0', '0', '0', '0', '0', '0', '0', '2016-08-26 16:50:07', 'unpaid', '0'),
(247, NULL, '123', NULL, '100.34', '30.00', '10.00', '50.00', '1', '1', 1, '10.34', '10.34', '0.04', '0.04', '20160826045011000000', NULL, NULL, NULL, NULL, NULL, '0', '0', '0', '0', '0', '0', '0', '0', '0', '0', '2016-08-26 16:50:11', 'unpaid', '0'),
(248, '244', '123', 1, '100.36', '30.00', '10.00', '50.00', '1', '1', 1, '1.26', '9.00', '0.05', '0.05', '147223376553', NULL, NULL, 'Fri Aug 26 23:20:41 IST 2016', '100.36', NULL, '188044441', NULL, NULL, 'NB', 'null', '7893514850', 'sainikhil013@gmail.com', '20160826111925000000', '18804444', '475637', '2016-08-26 17:49:25', 'paid', 'Ok'),
(249, NULL, '123', NULL, '2230.00', '2000.00', '0.00', '0.00', '2', '0', 0, '28', '230.00', '1.00', '1.00', '20160826094611000000', NULL, NULL, 'Sat Aug 27 03:17:27 IST 2016', '2230.00', NULL, '188044501', '0', '', 'NB', 'null', '7893514850', 'sainikhil013@gmail.com', '0', '18804450', '287064', '2016-08-26 21:46:11', 'paid', 'Ok'),
(250, NULL, '123', NULL, '2230.00', '2000.00', '0.00', '0.00', '2', '2', 0, '28', '230.00', '1.00', '1.00', '20160826094739000000', NULL, NULL, 'Sat Aug 27 03:18:28 IST 2016', '2230.00', NULL, '188044511', '0', '', 'NB', 'null', '7893514850', 'sainikhil013@gmail.com', '0', '18804451', '726431', '2016-08-26 21:47:39', 'paid', 'Ok'),
(251, NULL, '123', NULL, '2230.00', '2000.00', '0.00', '0.00', '2', '0', 0, '28', '230.00', '1.00', '1.00', '20160826094818000000', NULL, NULL, 'Sat Aug 27 03:19:07 IST 2016', '2230.00', NULL, '188044521', '0', '', 'NB', 'null', '7893514850', 'sainikhil013@gmail.com', '0', '18804452', '795129', '2016-08-26 21:48:18', 'paid', 'Ok'),
(252, NULL, '123', NULL, '2230.00', '2000.00', '0.00', '0.00', '2', '0', 0, '28', '230.00', '1.00', '1.00', '20160826095719000000', NULL, NULL, 'Sat Aug 27 03:28:10 IST 2016', '2230.00', NULL, '188044531', '0', '', 'NB', 'null', '7893514850', 'sainikhil013@gmail.com', '0', '18804453', '65714', '2016-08-26 21:57:19', 'paid', 'F'),
(253, NULL, '169', NULL, '2787.50', '2500.00', '0.00', '0.00', '1', '0', 0, '35', '250.00', '1.25', '1.25', '20160826111304', NULL, NULL, NULL, NULL, NULL, '0', '0', '0', '0', '0', '0', '0', '0', '0', '0', '2016-08-26 23:13:04', 'unpaid', '0'),
(254, NULL, '123', NULL, '100.34', '30.00', '10.00', '50.00', '1', '1', 1, '10.34', '10.34', '0.04', '0.04', '20160827122056000000', NULL, NULL, 'Sat Aug 27 05:52:05 IST 2016', '100.00', NULL, '188044551', '0', '', 'NB', 'null', '7893514850', 'sainikhil013@gmail.com', '0', '18804455', '254503', '2016-08-27 00:20:56', 'paid', 'Ok'),
(255, NULL, '170', NULL, '2787.50', '2500.00', '0.00', '0.00', '1', '0', 0, '35', '250.00', '1.25', '1.25', '20160827015804', NULL, NULL, NULL, NULL, NULL, '0', '0', '0', '0', '0', '0', '0', '0', '0', '0', '2016-08-27 01:58:04', 'unpaid', '0'),
(256, '252', '171', 1, '44.60', '30.00', '10.00', '0.00', '1', '1', 0, '0.56', '4.00', '0.02', '0.02', '147237072001', NULL, NULL, 'Sun Aug 28 13:23:10 IST 2016', '44.60', NULL, '188046591', NULL, NULL, 'NB', 'null', '9885754456', 'narendra.sharma202007@gmail.com', '20160828011441000000', '18804659', '969192', '2016-08-28 07:52:00', 'paid', 'Ok'),
(257, '253', '172', 1, '100.36', '30.00', '10.00', '50.00', '1', '1', 1, '1.26', '9.00', '0.05', '0.05', '147237127934', NULL, NULL, NULL, NULL, NULL, '0', '0', '0', '0', '0', '0', '0', '0', '0', '0', '2016-08-28 08:01:19', 'unpaid', '0'),
(258, '254', '173', 1, '100.36', '30.00', '10.00', '50.00', '1', '1', 1, '1.26', '9.00', '0.05', '0.05', '147237184211', NULL, NULL, 'Sun Aug 28 13:44:44 IST 2016', '100.36', NULL, '188046631', NULL, NULL, 'NB', 'null', '9885754456', 'narendra.sharma202007@gmail.com', '20160828013957000000', '18804663', '348586', '2016-08-28 08:10:42', 'paid', 'Ok'),
(259, NULL, '123', NULL, '89.20', '30.00', '0.00', '50.00', '1', '0', 1, '9.20', '9.20', '0.04', '0.04', '20160829101723000000', NULL, NULL, NULL, NULL, NULL, '0', '0', '0', '0', '0', '0', '0', '0', '0', '0', '2016-08-29 10:17:23', 'unpaid', '0'),
(260, '256', '174', 1, '44.60', '30.00', '10.00', '0.00', '1', '1', 0, '0.56', '4.00', '0.02', '0.02', '147247836578', NULL, NULL, 'Mon Aug 29 19:17:20 IST 2016', '44.60', NULL, '188049941', NULL, NULL, 'NB', 'null', '9885754456', 'sainikhil013@gmail.com', '20160829071546000000', '18804994', '804168', '2016-08-29 13:46:05', 'paid', 'Ok'),
(261, NULL, '123', NULL, '122.66', '60.00', '0.00', '50.00', '2', '0', 1, '12.66', '12.66', '0.06', '0.06', '20160830061208000000', NULL, NULL, 'Tue Aug 30 11:43:32 IST 2016', '123.00', NULL, '188089611', '0', '', 'NB', 'null', '7893514850', 'sainikhil013@gmail.com', '0', '18808961', '807101', '2016-08-30 06:12:08', 'paid', 'F'),
(262, '258', '123', 21, '2230.00', '2000.00', '0.00', '0.00', '2', '0', 0, '28.00', '200.00', '1.00', '1.00', '147254388864', NULL, NULL, NULL, NULL, NULL, '0', '0', '0', '0', '0', '0', '0', '0', '0', '0', '2016-08-30 07:58:08', 'unpaid', '0'),
(263, '259', '123', 22, '5575.00', '5000.00', '0.00', '0.00', '2', '0', 0, '70.00', '500.00', '2.50', '2.50', '147254535232', NULL, NULL, NULL, NULL, NULL, '0', '0', '0', '0', '0', '0', '0', '0', '0', '0', '2016-08-30 08:22:32', 'unpaid', '0'),
(264, NULL, '123', NULL, '5575.00', '5000.00', '0.00', '0.00', '2', '0', 0, '70', '500.00', '2.50', '2.50', '20160830100755000000', NULL, NULL, NULL, NULL, NULL, '0', '0', '0', '0', '0', '0', '0', '0', '0', '0', '2016-08-30 10:07:55', 'unpaid', '0'),
(265, NULL, '123', NULL, '122.66', '60.00', '0.00', '50.00', '2', '0', 1, '12.66', '12.66', '0.06', '0.06', '20160830103927000000', NULL, NULL, NULL, NULL, NULL, '0', '0', '0', '0', '0', '0', '0', '0', '0', '0', '2016-08-30 10:39:27', 'unpaid', '0'),
(266, NULL, '123', NULL, '2230.00', '2000.00', '0.00', '0.00', '2', '0', 0, '28', '230.00', '1.00', '1.00', '147255475618', NULL, NULL, NULL, NULL, NULL, '0', '0', '0', '0', '0', '0', '0', '0', '0', '0', '2016-08-30 10:59:16', 'unpaid', '0'),
(267, '263', '123', 1, '44.60', '30.00', '10.00', '0.00', '1', '1', 0, '0.56', '4.00', '0.02', '0.02', '147255727191', NULL, NULL, NULL, NULL, NULL, '0', '0', '0', '0', '0', '0', '0', '0', '0', '0', '2016-08-30 11:41:11', 'unpaid', '0'),
(268, '264', '1', 1, '44.60', '30.00', '10.00', '0.00', '1', '1', 0, '0.56', '4.00', '0.02', '0.02', '147256209205', NULL, NULL, 'Tue Aug 30 18:32:57 IST 2016', '44.60', NULL, '188169911', NULL, NULL, 'NB', 'null', '8886922279', 'sathi.satya@gmail.com', '20160830063132000000', '18816991', '752171', '2016-08-30 13:01:32', 'paid', 'Ok'),
(269, '265', '1', 21, '1115.00', '1000.00', '0.00', '0.00', '1', '0', 0, '14.00', '100.00', '0.50', '0.50', '147256268563', NULL, NULL, 'Tue Aug 30 18:42:24 IST 2016', '1115.00', NULL, '188170021', NULL, NULL, 'NB', 'null', '8886922279', 'sathi.satya@gmail.com', '20160830064125000000', '18817002', '553543', '2016-08-30 13:11:25', 'paid', 'Ok'),
(270, NULL, '175', NULL, '100.34', '90.00', '0.00', '0.00', '3', '0', 0, '10.34', '10.34', '0.04', '0.04', '147261773929', NULL, NULL, 'Wed Aug 31 10:00:05 IST 2016', '100.00', NULL, '188170921', '0', '', 'NB', 'null', '9885754456', 'fg@g.v', '0', '18817092', '522065', '2016-08-31 04:28:59', 'paid', 'Ok');

-- --------------------------------------------------------

--
-- Table structure for table `tblplaces`
--

CREATE TABLE IF NOT EXISTS `tblplaces` (
  `plid` int(10) NOT NULL AUTO_INCREMENT,
  `place` varchar(150) DEFAULT NULL,
  `type` varchar(150) NOT NULL,
  `address` longtext,
  `city` varchar(45) DEFAULT NULL,
  `latitude` varchar(45) DEFAULT NULL,
  `longitude` varchar(45) DEFAULT NULL,
  `description` longtext,
  `otherinfo` longtext,
  `createdon` datetime DEFAULT NULL,
  `createdby` varchar(45) DEFAULT NULL,
  `updatedon` datetime DEFAULT NULL,
  `updatedby` varchar(45) DEFAULT NULL,
  `status` int(3) NOT NULL,
  PRIMARY KEY (`plid`)
) ENGINE=InnoDB  DEFAULT CHARSET=latin1 AUTO_INCREMENT=32 ;

--
-- Dumping data for table `tblplaces`
--

INSERT INTO `tblplaces` (`plid`, `place`, `type`, `address`, `city`, `latitude`, `longitude`, `description`, `otherinfo`, `createdon`, `createdby`, `updatedon`, `updatedby`, `status`) VALUES
(1, 'Golconda Fort', 'places', 'Ibrahim Bagh, Hyderabad, Telangana 500008', 'hyderabad', '17.3836 ', '78.4015', 'Golkonda, also known as Golconda or Golla konda ("shepherd''s hill"), is a citadel and fort in Southern India and was the capital of the medieval sultanate of the Qutb Shahi dynasty (c.15181687), is situated 11 kilometres (6.8 mi) west of Hyderabad.', 'Historic', '2016-06-12 03:45:18', 'admin', '2016-06-12 06:03:58', 'admin', 1),
(2, 'Lumbini Park', 'places', 'Opposite Secretariat New Gate, Khairatabad, Hyderabad, Telangana 500004', 'Hyderabad', '17.410057', '78.473219', 'Lumbini Park is a small public, urban park of 7.5 acres (0.030 km2; 0.0117 sq mi) adjacent to Hussain Sagar in Hyderabad, India.', 'Fun place', '2016-06-12 06:07:49', 'admin', '2016-06-12 06:16:00', 'admin', 1),
(3, 'Prasads Imax', 'places', 'NTR Gardens, LIC Division P.O., Hyderabad, Telangana 500063', 'Hyderabad', '17.412864', '78.465915', 'Prasad''s is a centrally air conditioned multiplex of an area of 2,35,000 sq ft, housing an IMAX Movie Theatre, a five screen multiplex, food court, multinational fast food outlets, a gaming zone and a Shopping mall covering two levels of the complex.', 'fun,food', '2016-06-12 06:12:05', 'admin', '2016-06-12 06:16:48', 'admin', 1),
(4, 'Peddamma Temple', 'places', 'Hitech City Road, Jubilee Hills, Hyderabad, Telangana 500033', 'hyderabad', '17.4921 ', '78.4073', 'Peddamma temple is an Hindu temple located at Jubilee Hills in Hyderabad. It is very famous during the festive season of Bonaalu.', 'temple', '2016-06-12 06:15:00', 'admin', NULL, NULL, 1),
(5, 'Charminar', 'places', 'Hyderabad, Telangana 500002', 'Hyderabad', '17.362854', '78.474622', 'The Charminar, constructed in 1591 CE, is a monument and mosque located in Hyderabad, Telangana, India. The landmark has become a global icon of Hyderabad, listed among the most recognized structures of India.', '"One of the most beautiful historical place."', '2016-06-15 12:57:40', 'admin', NULL, NULL, 1),
(6, 'Hussain Sagar', 'places', '\r\nHussain Sagar, Hyderabad, Telangana', 'Hyderabad', '17.425906', '78.473744', 'Hussain Sagar is a lake in Hyderabad built by Hazrat Hussain Shah Wali in 1562, during the rule of Ibrahim Quli Qutub Shah. It is spread across an area of 5.7 square kilometers and is fed by River Musi.', 'Fun Place', '2016-06-15 01:02:17', 'admin', NULL, NULL, 1),
(7, 'Birla Mandir', 'places', 'Hill Fort Rd, Hyderabad, Telangana 500004', 'Hyderabad', '17.407363', '78.469146', 'Birla Mandir is a Hindu temple, built on a 280 feet high hillock called Naubath Pahad on a 13 acres plot. The construction took 10 years and was constructed in 1976 by Swami Ranganathananda of Ramakrishna Mission.', 'Imposing, hilltop Hindu temple built of white marble, with towers, shrines and interior carvings.', '2016-06-15 04:09:01', 'admin', NULL, NULL, 1),
(8, 'Taj Falaknuma Palace', 'places', 'Engine Bowli, Falaknuma, Hyderabad, Telangana 500053', 'Hyderabad', '17.332538', '78.466000', 'Set in a restored 19th-century palace overlooking the city, this luxe hotel is 2 km from Falaknuma train station and 4 km from the landmark 16th-century Charminar mosque.', '', '2016-06-15 04:12:27', 'admin', NULL, NULL, 1),
(9, 'NTR Gardens', 'places', 'NTR Marg, Central Secretariat, Khairatabad, Hyderabad, Telangana 500004', 'Hyderabad', '17.412586', '78.468763', 'NTR Gardens is a small public, urban park of 36 acres adjacent to Hussain Sagar lake in Hyderabad,', 'Urban park covering 34 acres, with family attractions, a restaurant, fountains & a Japanese garden.', '2016-06-15 04:18:09', 'admin', NULL, NULL, 1),
(10, 'Ramoji Film City', 'places', 'Anaspur Village, Hayathnagar Mandal, Hyderabad, Telangana 501512', 'Hyderabad', '17.255264', '78.680853', 'The Ramoji Film City in India is located in Hyderabad. At 2000 acres, it is the largest integrated film city in the world. ', 'The world''s largest film studio offering tours, live shows, on-site theme park and adventure zone.', '2016-06-15 04:21:04', 'admin', NULL, NULL, 1),
(11, 'Salar Jung Museum', 'places', 'Salar Jung Road, Darulshifa, Hyderabad, Telangana 500002', 'Hyderabad', '17.372418', '78.480291', 'The Salar Jung Museum is an art museum located at Darushifa, on the southern bank of the Musi river in the city of Hyderabad, Telangana, India. It is one of the three National Museums of India.', 'Former art collection of the Salar Jung family from around the world, now a museum.', '2016-06-15 04:23:16', 'admin', NULL, NULL, 1),
(21, 'Chilukur Balaji Temple ', 'places', 'Chilkur Balaji Temple, Moinabad Mandal, Ranga Reddy District, Chilkur, Telangana 501504', 'HYDERABAD', '', '', 'Chilkur Balaji Temple, popularly known as "Visa Balaji Temple'''', is an ancient Hindu temple of Lord Balaji on the banks of Osman Sagar in Hyderabad. It is one of the oldest temples in Hyderabad built during the time of Madanna .', 'The Balaji Temple is located at Chilkur in the Hyderabad district. It is 33 Kms away from Mehedipatnam. Approximately 75,000 to 1,00,000 devotees visit in a week. Generally temple gets heavy rush on Fridays and Sundays.\r\n\r\nThe temple at Chilkur is managed by the hereditary trustee Sri M.V. Soundara Rajan and Sri C.S. Gopala Krishna. The entire family of the archaka, including the women are dedicated themselves to serve the God.', '2016-08-20 02:32:48', 'admin', '2016-08-21 01:38:05', 'admin', 1),
(25, 'Jala Vihar', 'kids', 'Necklace Road', 'Hyderabad, Telangana India', '17.43266', '78.464785', 'Make some fun memories at Jalavihar, an amusement park filled with rides suitable for adults and children. It is located on Necklace Road and is right next to the Hussain Sagar Lake that gives an incredible view.  It also features a party zone, meeting areas that are ideal for parties, festival events and corporate events. They also have a food court to satisfy those hunger pangs whilst the fun. The staff follows strict hygienic conditions to make sure that does not stop you from having fun.', 'Entry Pass Rs.200 per ticket', '2016-08-28 12:51:08', 'admin', NULL, NULL, 1),
(27, 'KHILLA GHANPUR / GHANPUR FORT', 'adventure', 'Khilla Ghanpur village, Mahabubnagar, Telangana', 'Mahabubnagar', '16.567286', '78.055924', 'At a distance of 2 km from Khilla Ghanpur Bus Stand, 25 km from Mahabubnagar and 109 km from Hyderabad, Khilla Ghanpur Fort is located near Khilla Ghanpur village in Mahabubnagar district of Telangana. This is an ideal weekend getaway from Hyderabad to spend full day.\r\n\r\nThe Ghanpur Fort is a hill fort built on a rocky hill by King Gona Ganapa Reddy in early 13th century. He ruled this area as a feudatory to Kakatiya rulers. Gona Ganapa Reddy is son of Gona Budda Reddy who was famous as the poet of Ranganatha Ramayana, a pioneering Telugu Literature. The name of Ghanapuram Killa came into existence from the name of Kakatiya Ruler Sri Ganapathi Deva. The fort is spread on rocky and hilly area of 4 Sq kilometers and there are fort buildings spread across the top most part of the hill.\r\n\r\nThe fort was well built with cannons on the upper side of the fort. There are several remains of the walls and building blocks inside the fort. There are several temples inside the fort like Veerabhadra Temple, Narsimh Temple and Chowdeswari Temple. There are several caves on the hilltop and provide good opportunity for exploration.\r\n\r\nThere are two ponds inside the fort with fresh water and they are good for swimming. There are several hills around the fort and they provide good opportunity for trekking as well. Ghanpur Lake is a large lake situated close to the Ghanpur village and the view of the lake from the fort is picturesque.\r\n\r\nThe fort & monuments demand about 2-3 kms trek from Ghanpur village. It usually takes about 2 hours to trek, explore the fort & caves and come back to Ghanpur village.', 'Distance (From Mahabubnagar): 25 Kms', '2016-08-29 16:42:16', 'admin', NULL, NULL, 1),
(28, 'KOILKONDA FORT AND KOILSAGAR DAM', 'adventure', 'Koilkonda, \r\nMahabubnagar, Telangana', 'Mahabubnagar', '16.7442948', '77.9846673', 'At a distance of 1.3 km from Koilkonda Bus Stand, 25 km from Mahabubnagar Bus Station and 128 km from Hyderabad, Koilkonda Fort is situated at Koilkonda in Mahabubnagar district of Telangana. This is an ideal weekend getaway from Hyderabad to spend full day.\r\n\r\nKoilkonda Fort is the erstwhile outpost of the Qutab Shahi dynasty situated on a hilltop. To reach the top, one needs to hike across a deep gorge on the west or a series of streams if coming through east before reaching a plight of steps that leads to the fort. To enter the Koilkonda Fort, seven gates have to be crossed. The first one spots an inscription of Ibrahim Qutab Shah that belongs to 1550 AD. Fourth gate leads to a dilapidated palace. There is also a mosque, an Idgah and a pond here. The Fort also has a ashurkhana dedicated to Bibi Fatima and is revered by both Hindus and Muslims.\r\n\r\nThe Kolisagar Dam is a medium-sized irrigation project that was constructed in the period of the \r\nNizams during 1945-48. The Koilsagar Dam, which is about 10 km from the Koilkonda, stretches across the Peddavagu River, a minor tributary of the River Krishna. The western stretch of this picturesque reservoir is surrounded by high hills, making it a beautiful spot and is a treat for eyes during sunrise and sunset.\r\n\r\nSri Ramkonda Hill is another prominent Hill with a temple dedicated to Lord Rama, which is 3 km from Koilkonda Fort. There is no motorable road to Sri Ramkonda Hill, one has to trek 3 km from the Fort. This hill is also famous for lot of herbal medicinal plants.\r\n\r\nThere is an another hill named Verrabhadra Swamy Hill nearby, to reach this hill one has to trek 2 km from Koilkonda Fort.', 'Distance (From Mahabubnagar): 25 Kms', '2016-08-29 16:44:58', 'admin', NULL, NULL, 1),
(29, 'KOULAS FORT', 'adventure', 'Koulas village, Nizamabad, Telangana.', 'Nizamabad', '18.323929', '77.697481', 'At a distance of 3 km from Koulas, 81 km from Nizamabad, 84 km from Medak and 169 km from Hyderabad, Koulas Fort is situated near Koulas village in Nizamabad district. \r\n\r\nKoulas Fort is a massive fort dating back to the 14th century, spread across 6 sq km and located in Jukkal mandal close to Bidar - Nanded road. This fort was built by Kakatiya rulers. This fort was conquered by Muslim rulers Bahamanis, Qutb Shahis and later occupied by the Nizams. \r\n\r\nThe Koulas Fort was constructed in the semi-Dravidian style at an altitude of about 1100 ft. There is a stream that stands as a natural moat to the fort. The fort is spread across 400 acres surrounded by large fortification wall with strong bastions. The fort houses several wonderfully built gateways, buildings, temples, mosques and other structures. There are about 20 large cannons spread across the fort. It has 52 small and big bastions along several water tanks. The fort temple and dargah were declared as protected monuments by the Archaeology Department.\r\n\r\nThe Kasikund temple was constructed on the patterns of the Kasi temple. There are three other temples dedicated to Rama, Hanuman and Balaji. Behind the fort is the Ashtabuji Mata also known as Jagadamba Mata temple. The fort is currently not well maintained and the approach route is full of thorns. Also, the fort becomes inaccessible during monsoons when the water levels in stream reach the peak.\r\n\r\nVisitors need to trek about 3 km to reach the Koulas Fort. It is advisable to take a villager as a guide from the Koulas village to visit the fort.\r\n\r\nThe Koulas dam is about 20 km away from the fort and attracts a large number of birds in winter.\r\n\r\nTimings: 9 AM to 6 PM.', 'Distance (From Nizamabad): 81 Kms', '2016-08-29 16:46:51', 'admin', NULL, NULL, 1),
(30, 'GAYATHRI WATERFALLS', 'adventure', 'Tarnam Khurd Village, Kuntala Waterfalls, Nirmal, Adilabad, Telangana.', 'Adilabad', '19.329862', '78.469344', 'At a distance of 5 km from Tarnam Khurd Village, 19 km from Kuntala Waterfalls, 38 km from Nirmal, 59 km Adilabad and 270 km from Hyderabad, Gayathri Waterfalls is a beautiful place located in Adilabad district of Telangana.\r\n\r\nGayatri waterfalls is a very less known place situated on Kadem River, a tributary of Godavari River. Along with Kuntala and Pochera Falls, Gayatri falls is another fascinating waterfalls in Adilabad district. This is a a magnificent waterfall and attracts large number of tourists in monsoon season.\r\n\r\nGayatri waterfall is also called as Gadidha Gundam or Mukti Gundam by the villagers. It is located at a very secluded place inside deep forest near Tarnam Khurd Village. This stunning waterfall is cascading down from a height of 100 ft into the valley to create a magnificent sight. There is a pool at the bottom of the falls and visitors can reach pool and swim. The rocks are very slippery should be careful while swimming in the pool.\r\n\r\nNeredigonda is 253 Km from Hyderabad on the way to Adilabad on NH 7. Kupti village comes after 6 km (on the same highway) where you will find sign board for Tarnam village on the right side. Turn right from here and drive for 2 Km on mud road to reach Tarnam Khurd village. One can go by vehicle only till Tarnam. From here 5 km trek is required to reach the falls. It is advisable to take a local from Tarnam Khurd village as a guide to reach this place.\r\n\r\nThere is an alternate road from Ichoda (between Neredigonda - Adilabad) via Manikpur and Tarnam Buzurg. Gayathri falls is only 2 km walk from Tarnam Buzurg. But the road between Manikpur and Tarnam Buzurg is pretty bad and becomes inaccessible during peak rains.\r\n\r\nTrek to the waterfalls is of a moderate level and may not be suitable with kids. You may not find much water in season other than monsoon. One should carry water and food while trekking to the falls as there are no shops around.\r\n\r\nFrom Tarnam Khurd, it takes about 3-4 hours to reach the falls, explore & play and come back to Tarnam.\r\n\r\nBest time to visit this place is peak monsoon (Sep-Oct).', 'Distance (From Adilabad): 59 Kms', '2016-08-29 16:49:35', 'admin', NULL, NULL, 1),
(31, 'KANAKAI WATERFALLS', 'adventure', 'Girnur Village, Kuntala waterfalls, Nirmal, Adilabad, Telangana.', 'Adilabad', '19.437941', '78.373485', 'At a distance of 2 km from Girnur Village, 35 km from Kuntala waterfalls, 54 km from Nirmal, 51 km Adilabad and 282 km from Hyderabad, Kanakai waterfalls is a nice waterfall on Kadem river located in Adilabad District of Telangana. This is also a good trekking destination. Bandrev waterfall and Cheekati Gundam are located in a single stretch along with Kanakai waterfalls and all three can be visited together.\r\n\r\nThe Kanakai waterfall, also called as Kanakadurga waterfalls is located near a small village called Girnur of Bazarhatnoor Mandal. There is also a Kanaka Durga temple located near the waterfall. Large number of devotees from nearby villages visit the temple during festivals. The waterfall is cascading down from a height of 30 ft. There is a big pool at the bottom of the fall. Swimming at the falls is a great experience for the visitors. When you climb up to the top of the falls, you can get the panoramic view of the falls and the surrounding area.\r\n\r\nThere are actually three falls at Kanakai. First is a small one where water flows through rocky formations forming small but wide waterfall with an average height of 10 feet, second one is the main falls (Bandrev waterfall) about 1 km from the first one where water cascades down into a big pool from a height of about 30 feet with a width of about 100 feet.. This is the place where a stream is merged into the Kadem river. Third one is called Cheekati Gundam which is few hundred meters away from the second one. It is similar to the first one with dense forest and dark surroundings. The whole area is covered with thick vegetation and sharp rock formations. \r\n\r\nIchoda is 273 Km from Hyderabad on the way to Adilabad on NH 7. From Ichoda, you have take left and drive towards Bazarhatnoor via Adegaon Khurd, Pipri and reach Girnur. After driving for 1 km from Girnur village, there is a sign board pointing towards a mud road on the left that leads to the temple and waterfalls. Vehicles can go further 1 km from here (not accessible in peak monsoons) and the first waterfall is further half km from there (15-20 minutes walk). It is advisable to hire a villager as guide from Girnur village.\r\n\r\nYou may not find much water in season other than monsoon. Carry enough water (shops available at Girnur). The rocks near the waterfalls are slippery and have to be careful while descending.\r\n\r\nIt takes about 3-4 hours to visit all three waterfalls, spend some time and come back to the road point.\r\n\r\nBest time to visit this waterfall is after monsoon (Aug-Oct).', 'Distance (From Adilabad): 51 Kms', '2016-08-29 16:51:50', 'admin', NULL, NULL, 1);

-- --------------------------------------------------------

--
-- Table structure for table `tblplacesphotos`
--

CREATE TABLE IF NOT EXISTS `tblplacesphotos` (
  `pphotoid` int(10) unsigned NOT NULL AUTO_INCREMENT,
  `plid` int(10) unsigned DEFAULT NULL,
  `photoname` longtext,
  `path` longtext,
  `status` varchar(45) DEFAULT NULL,
  PRIMARY KEY (`pphotoid`)
) ENGINE=InnoDB  DEFAULT CHARSET=latin1 AUTO_INCREMENT=156 ;

--
-- Dumping data for table `tblplacesphotos`
--

INSERT INTO `tblplacesphotos` (`pphotoid`, `plid`, `photoname`, `path`, `status`) VALUES
(24, 5, 'Charminar_01.jpg', 'http://book4holiday.com/beta/assets/places/Charminar_01.jpg', '1'),
(25, 5, 'Charminar_02.jpg', 'http://book4holiday.com/beta/assets/places/Charminar_02.jpg', '1'),
(26, 5, 'Charminar_03.jpg', 'http://book4holiday.com/beta/assets/places/Charminar_03.jpg', '1'),
(27, 5, 'Charminar_04.jpg', 'http://book4holiday.com/beta/assets/places/Charminar_04.jpg', '1'),
(28, 5, 'Charminar_05.jpg', 'http://book4holiday.com/beta/assets/places/Charminar_05.jpg', '1'),
(34, 6, 'HussanSagar_01.JPG', 'http://book4holiday.com/beta/assets/places/HussanSagar_01.JPG', '1'),
(35, 6, 'HussanSagar_02.jpg', 'http://book4holiday.com/beta/assets/places/HussanSagar_02.jpg', '1'),
(36, 6, 'HussanSagar_03.jpg', 'http://book4holiday.com/beta/assets/places/HussanSagar_03.jpg', '1'),
(37, 6, 'HussanSagar_04.jpg', 'http://book4holiday.com/beta/assets/places/HussanSagar_04.jpg', '1'),
(38, 6, 'HussanSagar_05.jpg', 'http://book4holiday.com/beta/assets/places/HussanSagar_05.jpg', '1'),
(56, 1, 'Golcondaf_04.jpg', 'http://book4holiday.com/beta/assets/places/Golcondaf_04.jpg', '1'),
(57, 1, 'Golcondaf_05.jpg', 'http://book4holiday.com/beta/assets/places/Golcondaf_05.jpg', '1'),
(58, 2, 'Lumbini_01.jpg', 'http://book4holiday.com/beta/assets/places/Lumbini_01.jpg', '1'),
(59, 2, 'Lumbini_02.JPG', 'http://book4holiday.com/beta/assets/places/Lumbini_02.JPG', '1'),
(60, 2, 'Lumbini_03.jpg', 'http://book4holiday.com/beta/assets/places/Lumbini_03.jpg', '1'),
(61, 2, 'Lumbini_04.jpg', 'http://book4holiday.com/beta/assets/places/Lumbini_04.jpg', '1'),
(62, 2, 'Lumbini_05.JPG', 'http://book4holiday.com/beta/assets/places/Lumbini_05.JPG', '1'),
(63, 4, 'PDT_01.jpg', 'http://book4holiday.com/beta/assets/places/PDT_01.jpg', '1'),
(64, 4, 'PDT_02.jpg', 'http://book4holiday.com/beta/assets/places/PDT_02.jpg', '1'),
(65, 4, 'PDT_03.jpg', 'http://book4holiday.com/beta/assets/places/PDT_03.jpg', '1'),
(66, 4, 'PDT_04.jpg', 'http://book4holiday.com/beta/assets/places/PDT_04.jpg', '1'),
(67, 4, 'PDT_05.jpg', 'http://book4holiday.com/beta/assets/places/PDT_05.jpg', '1'),
(68, 3, 'PrasadImax_01.jpg', 'http://book4holiday.com/beta/assets/places/PrasadImax_01.jpg', '1'),
(69, 3, 'PrasadImax_02.jpg', 'http://book4holiday.com/beta/assets/places/PrasadImax_02.jpg', '1'),
(70, 3, 'PrasadImax_03.jpg', 'http://book4holiday.com/beta/assets/places/PrasadImax_03.jpg', '1'),
(71, 3, 'PrasadImax_04.jpg', 'http://book4holiday.com/beta/assets/places/PrasadImax_04.jpg', '1'),
(72, 3, 'PrasadImax_05.jpg', 'http://book4holiday.com/beta/assets/places/PrasadImax_05.jpg', '1'),
(73, 7, 'BirlaM_01.jpg', 'http://book4holiday.com/beta/assets/places/BirlaM_01.jpg', '1'),
(74, 7, 'BirlaM_02.jpg', 'http://book4holiday.com/beta/assets/places/BirlaM_02.jpg', '1'),
(75, 7, 'BirlaM_03.jpg', 'http://book4holiday.com/beta/assets/places/BirlaM_03.jpg', '1'),
(76, 7, 'BirlaM_04.jpg', 'http://book4holiday.com/beta/assets/places/BirlaM_04.jpg', '1'),
(77, 7, 'BirlaM_05.JPG', 'http://book4holiday.com/beta/assets/places/BirlaM_05.JPG', '1'),
(78, 8, 'Falaknuma_01.jpg', 'http://book4holiday.com/beta/assets/places/Falaknuma_01.jpg', '1'),
(79, 8, 'Falaknuma_02.jpg', 'http://book4holiday.com/beta/assets/places/Falaknuma_02.jpg', '1'),
(80, 8, 'Falaknuma_03.jpg', 'http://book4holiday.com/beta/assets/places/Falaknuma_03.jpg', '1'),
(81, 8, 'Falaknuma_04.jpg', 'http://book4holiday.com/beta/assets/places/Falaknuma_04.jpg', '1'),
(82, 8, 'Falaknuma_05.jpg', 'http://book4holiday.com/beta/assets/places/Falaknuma_05.jpg', '1'),
(83, 9, 'Ntr_01.jpg', 'http://book4holiday.com/beta/assets/places/Ntr_01.jpg', '1'),
(84, 9, 'Ntr_02.jpg', 'http://book4holiday.com/beta/assets/places/Ntr_02.jpg', '1'),
(85, 9, 'Ntr_03.jpg', 'http://book4holiday.com/beta/assets/places/Ntr_03.jpg', '1'),
(86, 9, 'Ntr_04.JPG', 'http://book4holiday.com/beta/assets/places/Ntr_04.JPG', '1'),
(87, 9, 'Ntr_05.jpg', 'http://book4holiday.com/beta/assets/places/Ntr_05.jpg', '1'),
(88, 10, 'Ramoji_01.jpg', 'http://book4holiday.com/beta/assets/places/Ramoji_01.jpg', '1'),
(89, 10, 'Ramoji_02.jpg', 'http://book4holiday.com/beta/assets/places/Ramoji_02.jpg', '1'),
(90, 10, 'Ramoji_03.jpg', 'http://book4holiday.com/beta/assets/places/Ramoji_03.jpg', '1'),
(91, 10, 'Ramoji_04.JPG', 'http://book4holiday.com/beta/assets/places/Ramoji_04.JPG', '1'),
(92, 10, 'Ramoji_05.jpg', 'http://book4holiday.com/beta/assets/places/Ramoji_05.jpg', '1'),
(93, 11, 'salarjung_01.jpg', 'http://book4holiday.com/beta/assets/places/salarjung_01.jpg', '1'),
(94, 11, 'salarjung_02.jpg', 'http://book4holiday.com/beta/assets/places/salarjung_02.jpg', '1'),
(95, 11, 'salarjung_03.jpg', 'http://book4holiday.com/beta/assets/places/salarjung_03.jpg', '1'),
(96, 11, 'salarjung_04.jpg', 'http://book4holiday.com/beta/assets/places/salarjung_04.jpg', '1'),
(97, 1, 'Golconda.jpg', 'http://book4holiday.com/beta/assets/places/Golconda.jpg', '1'),
(98, 1, 'Golcondaf_03.jpg', 'http://book4holiday.com/beta/assets/places/Golcondaf_03.jpg', '1'),
(99, 1, 'Golcondaf_011.jpg', 'http://book4holiday.com/beta/assets/places/Golcondaf_011.jpg', '1'),
(115, 15, 'kuntala.jpg', 'http://book4holiday.com/beta/assets/places/kuntala.jpg', '1'),
(116, 15, 'kuntala1.jpg', 'http://book4holiday.com/beta/assets/places/kuntala1.jpg', '1'),
(117, 15, 'kuntala2.jpg', 'http://book4holiday.com/beta/assets/places/kuntala2.jpg', '1'),
(118, 16, '6803_Laknavaram-lake.jpg', 'http://book4holiday.com/beta/assets/places/6803_Laknavaram-lake.jpg', '1'),
(120, 16, 'tourisom lakkavaram.jpg', 'http://book4holiday.com/beta/assets/places/tourisom lakkavaram.jpg', '1'),
(121, 16, 'tourisom lakkavaram.jpg', 'http://book4holiday.com/beta/assets/places/tourisom lakkavaram.jpg', '1'),
(122, 16, 'images.jpg', 'http://book4holiday.com/beta/assets/places/images.jpg', '1'),
(123, 16, 'tourisom lakkavaram.jpg', 'http://book4holiday.com/beta/assets/places/tourisom lakkavaram.jpg', '1'),
(124, 16, '6803_Laknavaram-lake.jpg', 'http://book4holiday.com/beta/assets/places/6803_Laknavaram-lake.jpg', '1'),
(125, 16, '6803_Laknavaram-lake.jpg', 'http://book4holiday.com/beta/assets/places/6803_Laknavaram-lake.jpg', '1'),
(126, 16, 'images.jpg', 'http://book4holiday.com/beta/assets/places/images.jpg', '1'),
(127, 16, 'tourisom lakkavaram.jpg', 'http://book4holiday.com/beta/assets/places/tourisom lakkavaram.jpg', '1'),
(128, 14, 'puri-jagannath-temple-hyderabad-23077781.jpg', 'http://book4holiday.com/beta/assets/places/puri-jagannath-temple-hyderabad-23077781.jpg', '1'),
(131, 13, 'kidsmeal.jpg', 'http://book4holiday.com/beta/assets/places/kidsmeal.jpg', '1'),
(133, 17, 'sanghi-temple-photos.jpg', 'http://book4holiday.com/beta/assets/places/sanghi-temple-photos.jpg', '1'),
(135, 21, 'gayatri-mandir-images-photos-5428ed5de4b0b2f2242ac00d.jpg', 'http://book4holiday.com/beta/assets/places/gayatri-mandir-images-photos-5428ed5de4b0b2f2242ac00d.jpg', '1'),
(136, 22, 'Yadagirigutta.jpg', 'http://book4holiday.com/beta/assets/places/Yadagirigutta.jpg', '1'),
(137, 21, 'Chilkur-Balaji-5.jpg', 'http://book4holiday.com/beta/assets/places/Chilkur-Balaji-5.jpg', '1'),
(138, 21, 'Chilkur-Balaji-Temple.jpg', 'http://book4holiday.com/beta/assets/places/Chilkur-Balaji-Temple.jpg', '1'),
(139, 21, 'hyderabad-visa-temple.jpg', 'http://book4holiday.com/beta/assets/places/hyderabad-visa-temple.jpg', '1'),
(144, 25, 'jalavihar.jpg', 'http://book4holiday.com/beta/assets/places/jalavihar.jpg', '1'),
(145, 25, 'Jalavihar-Water-Park_Childrens-Water-Park_Necklace-Road-Hyderabad-India-15.jpg', 'http://book4holiday.com/beta/assets/places/Jalavihar-Water-Park_Childrens-Water-Park_Necklace-Road-Hyderabad-India-15.jpg', '1'),
(146, 25, 'jalvihar-hyderabad-necklace-road-2.jpg', 'http://book4holiday.com/beta/assets/places/jalvihar-hyderabad-necklace-road-2.jpg', '1'),
(147, 25, 'jalvihar-in-hyderabad.jpg', 'http://book4holiday.com/beta/assets/places/jalvihar-in-hyderabad.jpg', '1'),
(148, 26, 'Mount-Opera-Water-Park-Hyderabad.jpg', 'http://book4holiday.com/beta/assets/places/Mount-Opera-Water-Park-Hyderabad.jpg', '1'),
(149, 26, 'wonderla-amusement-park.jpg', 'http://book4holiday.com/beta/assets/places/wonderla-amusement-park.jpg', '1'),
(150, 26, 'Wonderla-Water-Park-Hyderabad.jpg', 'http://book4holiday.com/beta/assets/places/Wonderla-Water-Park-Hyderabad.jpg', '1'),
(151, 27, 'khilla.jpg', 'http://book4holiday.com/beta/assets/places/khilla.jpg', '1'),
(152, 28, 'Koilkonda_Fort_Main.jpg', 'http://book4holiday.com/beta/assets/places/Koilkonda_Fort_Main.jpg', '1'),
(153, 29, '223188993Nizamabad_Koulas_Fort_Main.jpg', 'http://book4holiday.com/beta/assets/places/223188993Nizamabad_Koulas_Fort_Main.jpg', '1'),
(154, 30, '334529587Adilabad_Gayatri_Falls_Main.jpg', 'http://book4holiday.com/beta/assets/places/334529587Adilabad_Gayatri_Falls_Main.jpg', '1'),
(155, 31, '334529371Adilabad_Kanakai_Falls_Main.jpg', 'http://book4holiday.com/beta/assets/places/334529371Adilabad_Kanakai_Falls_Main.jpg', '1');

-- --------------------------------------------------------

--
-- Table structure for table `tblresorphotos`
--

CREATE TABLE IF NOT EXISTS `tblresorphotos` (
  `rphotoid` int(10) unsigned NOT NULL AUTO_INCREMENT,
  `resortid` int(10) unsigned DEFAULT NULL,
  `photoname` longtext,
  `path` longtext,
  `status` varchar(45) DEFAULT NULL,
  PRIMARY KEY (`rphotoid`)
) ENGINE=InnoDB DEFAULT CHARSET=latin1 AUTO_INCREMENT=1 ;

-- --------------------------------------------------------

--
-- Table structure for table `tblresorts`
--

CREATE TABLE IF NOT EXISTS `tblresorts` (
  `resortid` int(10) unsigned NOT NULL AUTO_INCREMENT,
  `vendorid` int(10) unsigned DEFAULT NULL,
  `resortname` varchar(150) DEFAULT NULL,
  `location` varchar(500) DEFAULT NULL,
  `description` longtext,
  `createdby` varchar(45) DEFAULT NULL,
  `createdon` datetime DEFAULT NULL,
  `updatedby` varchar(45) DEFAULT NULL,
  `updatedon` datetime DEFAULT NULL,
  `status` varchar(5) DEFAULT NULL,
  `latitude` varchar(45) DEFAULT NULL,
  `longitude` varchar(45) DEFAULT NULL,
  `bannerimage` longtext NOT NULL,
  `bannerimagepath` longtext NOT NULL,
  PRIMARY KEY (`resortid`)
) ENGINE=InnoDB  DEFAULT CHARSET=latin1 AUTO_INCREMENT=19 ;

--
-- Dumping data for table `tblresorts`
--

INSERT INTO `tblresorts` (`resortid`, `vendorid`, `resortname`, `location`, `description`, `createdby`, `createdon`, `updatedby`, `updatedon`, `status`, `latitude`, `longitude`, `bannerimage`, `bannerimagepath`) VALUES
(1, 24, 'Nehru Zoo Logical Park', 'Bahadurpura, Hyderabad, Telangana, India - 500 064.', 'Nehru Zoological Park, Hyderabad is one of the first zoos in the Country to display the animals in open moated enclosures with no barriers in between the visitors and the animals. The zoo was established with this concept and was opened to public viewing on 06.10.1963. Since then the zoo kept on adding new facilities. The Lion Safari Park which was established in 1974 and Nocturnal Animal House established in the year 1982 were first of its kind in the country.\n\nAt Present this zoo is displaying animals belonging to 140 species numbering 1334. During this period this zoo received Common Marmosets, Spoon Bills from Alipore Zoo, Kolkata. Pig Tailed Macaque, Himalayan Black Bear, Leopard Cats from Sipahijala Zoo, Tripura and Mouse Deers from Sri Venkateshwara Zoological Park, Tirupati, 6 Nos of White backed Vultures from Sakkarbagh Zoo There are other animal exchange programmes belongs this Zoo and Patna & Mysore Zoos in the pipe line.\n\nDuring this period most of the animal enclosures and visitor facilities were revamped. Efforts were made to make the zoo a plastic free area, A Plastic regulation counter was opened at the entrance gate which provides paper bags in place of polythine bags. Additional booking counters, Visitors Shelters, resting areas were created for the visitors.\n\nThis Zoo is spread over an area of 380 acres and a visitor can''t see all the enclosures in one day on foot. Therefore bicycles were introduced in the zoo, and the visitors can hire these bicycles and can go around the zoo. This is helping the visitors in visiting the zoo completely.', 'admin', '2016-08-21 01:52:29', 'admin', '2016-08-22 06:10:50', '1', '17.351458', '78.447318', 'entry_gate1.png', '/home/book4holiday/public_html/beta/assets/resortimages/'),
(2, 26, 'Lahari Resorts', 'Bhanoor, Near Patancheru, Hyderabad - 502 305', 'Lahari Resort, a budget property is ideal for holidaying with friends and family and also for leisure cum business trip. The hotel is located at a distance of 53.7 km from Hyderabad International Airport, 20.6 km from Chandanagar Railway Station and 44.1 km from Shapur Nagar Bus Stand. The hotel is in proximity to various tourist places like Chilkur Balaji Temple, Sri Ramakrishna Math, Nehru Zoological Park, KBR National Park, Buddha Statue and many more. ', 'admin', '2016-08-21 02:17:16', NULL, NULL, '1', '17.4825', '78.185834', 'f1a.jpg', '/home/book4holiday/public_html/beta/assets/resortimages/'),
(3, 27, 'Honey Berg Resort', 'Muraharipalli Village, Near Genome Valley Medchal Mandal, Ranga Reddy, Hyderabad, Andhra Pradesh, India', 'Suchirindia Hotels & Resorts (P) Limited was set up by Suchirindia Group to foray into the hospitality sector. Resorts, Clubs, Theme Parks and other entertainment centers are being set up, initially in and around Hyderabad, major towns of Andhra Pradesh, metro cities in India and in due course overseas. Honey Berg is a 40,000 sq.ft, 3 Star boutique retreat located near Genome Valley, Shamirpet, Hyderabad. The highlighting factor of the resort is its architectural design which, while retaining the rocky terrain, seamlessly blends in with the surroundings. The magnificent glass faades and the rumbling waterfalls give it a distinct appearance and add substantially to the final panorama.The highlighting factor of the resort is its architectural design which, while retaining the rocky terrain, seamlessly blends in with the surroundings. The magnificent glass faades and the rumbling waterfalls give it a distinct appearance and add substantially to the final panorama.', 'admin', '2016-08-21 02:26:08', 'admin', '2016-08-22 06:12:55', '1', '17.65793', '78.584715', 'honey-berg-resorts-hyderabad-pool-view-37154805g.jpg', '/home/book4holiday/public_html/beta/assets/resortimages/'),
(4, 28, 'Summer Green Resort', 'Thumkunta Village,  Karimnagar Main Road,  Shameerpet Mandal, R. R. District  Telangana, India  500078 ', 'Summer Green plays perfect host as a gateway destination for families, friends or colleagues. The picturesque greenery, great ambiance & sprawling lawns are ideal for hosting weddings, birthday parties, family functions, Get-togethers, corporate seminars & launches.', 'admin', '2016-08-21 02:33:37', 'admin', '2016-08-22 06:45:52', '1', '17.5702899', '78.5552554', 'summer-green-resort-hyderabad-exterior-view-31423096g.jpg', '/home/book4holiday/public_html/beta/assets/resortimages/'),
(5, 25, 'Leonia Holistic Destination', '89 Survey No | Bommaraspet, Shameerpet, Ranga Reddy District, Hyderabad 500078, India', 'Leonia Holistic Destination is a unique destination spread in sprawling greenery and natural rock formations that portray a warm invitation to guests from across the world to dwell in the ambience of luxury, warm hospitality and richness of integrated services offered by its villas and hotels. They offer 6 Signature Suites and variety of Amazing Amuzements.\r\n', 'admin', '2016-08-29 04:25:57', NULL, NULL, '1', '17.577819', '78.6015908', 'Lagoon_villa_leonia.jpg', '/home/book4holiday/public_html/beta/assets/resortimages/'),
(6, 25, 'Pragati Resorts', 'Chilkuru Balaji Temple Road, Proddutur Village, Shankarpally Mandal Ranga Reddy District , Andhra pradesh, India 501203', '"Pragati Green Resorts is a one-of-its-kind resort in the country - it is a man-made eco-village developed on barren land creating a natural habitat. The environment here is completely eco-friendly, abundantly bio-diverse, pollution-free and mosquito-free. It makes for the most welcoming destination for recreation, event and health in the lap of nature.\r\n \r\nHaving converted a non-useable land into a wonderful green belt on 2,500 acres of land without any chemical pesticides or fertilizers, we have been attracting rare species and contributing to biodiversity. Situated amidst 2.5 million mother plants and trees, the Resort is an 85 acre sprawl of greenery till the end of sight. It is an ideal retreat for the aware, creative and playful nature-lover.\r\n \r\nWhile you could spend a vacation plucking aromatic herbs for your tea and swimming in the pool with birds singing around, your whole family and group will be able to find their own interests. The resort property houses everything from cricket fields, golf course and naturopathy spa to ponds filled with ducks and lovely sculptures and fountains every few metres."\r\n\r\n', 'admin', '2016-08-29 04:30:53', NULL, NULL, '1', '17.3891674', '78.1819297', 'pragathi9.jpg', '/home/book4holiday/public_html/beta/assets/resortimages/'),
(7, 25, 'Golkonda Resorts & Spa', 'Sagar Mahal Complex, Gandipet, R R District, Near Osman Sagar Lake, Hyderabad, Telangana 500075', '"This upscale resort, set on 5 hectares of lush greenery, is a 5-minute walk from Osman Sagar Lake and 11 km from the Golkonda medieval fortress. \r\n\r\nFeaturing wood interiors, the chic villas feature free Wi-Fi and TVs, plus tea and coffeemaking facilities, and living areas. Some add balconies. Upgraded villas offer sleek decor and private gardens, and split-level villas include parlours. Luxury upgrades come with private pools and butler service.\r\n\r\nAmenities include multiple dining options and a bar by the outdoor pool, as well as a fitness centre, a spa and a salon. There''s also a cricket pitch and a game room, and conference space is available."\r\n', 'admin', '2016-08-29 04:32:47', NULL, NULL, '1', '17.3895408', '78.3162311', 'golconda.jpg', '/home/book4holiday/public_html/beta/assets/resortimages/'),
(8, 25, 'Chaitanya Resorts', 'Plot No: 402, 4th Floor, Chaitanya Villa, Arunodaya Colony,, Landmark Backside of Hitech Theater, Madhapur, Hyderabad, Telangana 500081', 'A celebration of beauty, heritage and nature, resort is a finest example of luxury, Chaitanya Resort stands as a great work of passion towards creating something magnificent and almost magical in the unadulterated essence of simple yet mesmerizing crafts of nature and man alike. Chaitanya Resort Situated in the historic city of Hyderabad on the away to Sree Chilkur Balaji Temple and close to City''s heart". Boating (overlooking panoramically greener surroundings). Well maintained High Standard Swimming pool with Water Slides & Water Games. Cricket ground for cricketing enthusiasts. Pool view Suite, natural pleasure-loving Nature Lovers. Tug of war, Cricket, Volleyball, Badminton with kits. Professional DJ with High Volume DJ Console with Rain Dance. Adventure Activity (Burma Bridge, Commando Net, Archery, Artificial Rock Climbing, Double Roap, Zipline, Rapling. \r\n', 'admin', '2016-08-29 04:34:30', NULL, NULL, '1', '17.444654', '78.388878', 'Chaitanya-Resorts-Hyderabad.jpg', '/home/book4holiday/public_html/beta/assets/resortimages/'),
(9, 25, 'Aalankrita Resort', 'Thumkunta Village | Karimnagar Main Road, RR Dist, Hyderabad 500078, India', '"Nestled in lush gardens, this upscale resort offers accommodation in a collection of cottages. The resort is 6 km from Shamirpet Lake and 7 km from the Koteshwar Swamy Temple. \r\n\r\nThe relaxed rooms and suites with ethnic wood furnishings offer free Wi-Fi, flat-screen TVs and minibars. Upgraded rooms have sitting areas and some add balconies; suites offer sitting rooms. Room service is available 24/7.\r\n\r\nFreebies include breakfast and parking. Dining options include an elegant restaurant, a vegetarian eatery and a grill. Other amenities include sports activities, a game room, a covered outdoor pool and a spa. There''s also a gym, plus a meditation room."\r\n', 'admin', '2016-08-29 04:36:13', NULL, NULL, '1', '17.572378', '78.55716', 'Aalankrita-online-room-booking1.jpg', '/home/book4holiday/public_html/beta/assets/resortimages/'),
(10, 25, 'Dream Valley Resorts', 'Dream Valley Vikarabad Road | Before Chilkur X Roads, Hyderabad 500008, India', 'Dream Valley Resort is known as a Resort in collaboration with nature. The theme was to provide a weekend getaway for Families who spend working, and do not have time to relax and rejuvenate themselves for the coming week. Taking forward this legacy and providing more to Hyderabad the concept of a Resort with a water park was developed on an area of 20 acres at Bakaram Jagir before Chilkur X Roads. In the quest for providing more facilities the company is coming out with an exclusive convention centre, which will be a great mix and match with nature, all that a convention centre needs in an ambience that is close to nature. And entertainment will be an added attraction. This project houses a mega water park on an area of 20 acres, surrounded by greenery and good landscaping all around. The vision of being close to nature is always in the minds of Dream Valley Resorts, thus all things which are natural find a place. The idea is to contribute to the community and also to ensure follow up of all environment friendly practices.\r\n', 'admin', '2016-08-29 04:38:22', NULL, NULL, '1', '17.4178149', '78.4469734', 'Dream_Valley.jpg', '/home/book4holiday/public_html/beta/assets/resortimages/'),
(11, 25, 'Palm Exotica Boutique Resort & Spa', 'Bank Street | Shankarpally, Ranka Reddy District, Hyderabad 500029, India', 'Palm Exotica Boutique Resort & Spa set on the Highlands of Shankarpalli Hyderabad is an eco friendly unique luxury holiday resort, thoughtfully designed to charm you with its spectacular panoramic views, unparalleled choice of accommodation, dining experiences, recreational activities, adventure sports, spa, banquets, international standard day night Cricket Stadium while maintaining idyllic refuge of relaxation to create the perfect balance for a holiday in paradise, perfect for families, honeymooners and Corporate alike.\r\n', 'admin', '2016-08-29 04:39:59', NULL, NULL, '1', '17.4091359', '78.1110385', 'Palm_Exotica.jpg', '/home/book4holiday/public_html/beta/assets/resortimages/'),
(12, 25, 'Button Eyes Resort', 'Tolkatta Village Rd | Moinabad, Hyderabad 500058, India', '"At times when you want to be with just yourself and your dear ones. Or when you want to party for ever and ever. This is the right place. Button Eyes is where you have to head for. To spend time in solitude with your loved ones, for family gettogethers and corporate outings, Button Eyes is the ideal place.\r\nExplore the place to discover a whole new world of excitement."\r\n', 'admin', '2016-08-29 04:41:37', NULL, NULL, '1', '17.3042286', '78.2076478', 'Button_Eyes_Resort.jpg', '/home/book4holiday/public_html/beta/assets/resortimages/'),
(13, 25, 'Mrugavani Resort & Spa', 'SY No 177/1, Aziz Nagar Village, Moinabad Mandal Ranga Reddy District, Hyderabad 500075, India', '"Mrugavani Resort and Spa is an eco-tourism project which is a blend of nature and modernity. It is an integral part of Mrugavani National Park which is spread across 1006 acres. This green resort is in close vicinity of IT hub, Financial district and other Historical and Tourist spots in Hyderabad, the capital city of Telengana. The natural hideaway is within city limits and an ideal place for weekend trips and extended stays. It is 18 km away from heart of the city and 15 minutes drive from Rajiv Gandhi International Airport.\r\n\r\nMrugavani Resort and Spa is a public private partnership venture in eco-tourism sector with the Telangana State Forest Development Corporation Limited, exclusively for spreading environmental awareness among present and future generations."\r\n', 'admin', '2016-08-29 04:43:26', NULL, NULL, '1', '17.3529982', '78.3375902', 'mrugavani_resort_banner52-2880x1800.jpg', '/home/book4holiday/public_html/beta/assets/resortimages/'),
(14, 25, 'MAK Club & Resort', 'Srisailam Highway, Near International Airport, Hyderabad 500082, India', '"Set amid landscaped gardens, this upscale contemporary resort is 20 km from Rajiv Gandhi International Airport and 32 km from Hyderabad city centre. \r\n\r\nFeaturing eclectic decor, the modern rooms and villas offer Wi-Fi, satellite TV and sitting areas, plus minifridges, and tea and coffeemakers. The 3- and 4-bedroom villas add kitchens and separate living and dining areas.\r\n\r\nAmenities include a relaxed international restaurant, a lounge bar and 2 terraces, plus an outdoor pool, a hot tub and a spa offering massage and hydrotherapy. There''s also a tennis court, a squash court and a gym, as well as a game room with a pool table."\r\n', 'admin', '2016-08-29 04:44:39', NULL, NULL, '1', '17.138781', '78.472263', 'MAK_Club_Resort4.jpg', '/home/book4holiday/public_html/beta/assets/resortimages/'),
(15, 25, 'Mount Opera Star Resort', 'Batasingaram Village,Hayathnagar Mandal,, Hyderabad 501512, India', '"Mount Opera Multi-Theme Park Resort is a popular weekend getaway located in the outskirts of the city, on the Hyderabad-Vijayawada National Highway. Sprawling over a large area of about 55 acres, the park offers amusement rides, water world, indoor games, health clubs, net surfing and discotheque, to list a few. \r\n\r\nChildren can look for exciting rides like Merry-Go-Round, Go-Karting, Toy Train and Animatrix Dinasorire. Oasis Zone Water World is another prime attraction of this amusement park, where children can enjoy slides, have a ball in the wave pool or just enjoy dancing in the rain. On the other hand, if you prefer indoor sports, pick from a host of games like pool, table tennis, chess and carom. For fitness enthusiasts, there is Bodyline that also offers sauna, spa and massage services. As the day progresses, loosen up a little and get ready to burn the dance floor at the in-house discotheque. \r\n\r\nFor the convenience of visitors, this park provides accommodation facilities at its resort. People can also enjoy an array of delicious delicacies served at the food courts present in the resort. So, do not miss the opportunity of visiting this amazing theme park with your family and friends, when in Hyderabad."\r\n', 'admin', '2016-08-29 04:46:17', NULL, NULL, '1', '17.3155508', '78.7214036', 'mount-opera-star-resort.jpg', '/home/book4holiday/public_html/beta/assets/resortimages/'),
(16, 25, 'Srinidhi Joy N Joy Resorts', '3rd Floor, SR Complex, Opp. CCMB, Habsiguda, Secunderabad, Telangana 500007', '"SRINIDHI JOY n JOY RESORTS was established in the year 2000 , Located in East Hyderabad on Warangal highway and it is one of its kind. The resort gives a getaway to rejuvenate- both body and mind as well caters the needs of our customers at affordable pricing. The Resort provides you balance between your work and family, thus we make your day out as relaxing and rejuvenating as possible.\r\n\r\nThe Best of Everything is we have something for all ages to keep your family happily occupied for hours with which youll get to be pampered like a family without having to worry about the budget."\r\n', 'admin', '2016-08-29 04:49:34', NULL, NULL, '1', '17.415737', '78.544886', 'Srinidhi_Joy_N_Joy_Resort.jpg', '/home/book4holiday/public_html/beta/assets/resortimages/'),
(17, 25, 'Papyrus Port', ' Bangalore Highway, Near 34th Milestone, Mahaboob Nagar District, Thimmapur, Telangana 500014', '"Set 1.3 km from Kottur railway station, this Egyptian-themed resort with a central pyramid-shaped building is a 4-minute walk from the NH7 highway. \r\n\r\nModest rooms with tiled floors and neutral decor come with TVs, minifridges and desks. They also have ceiling fans.\r\n\r\nThere''s a relaxed restaurant serving pan-Asian cuisine, and there''s a lagoon-style outdoor pool. Other amenities include a game room, spa services and a gym, as well as banqueting facilities."\r\n', 'admin', '2016-08-29 04:51:26', NULL, NULL, '1', '17.151427', '78.293349', 'Papyrus_Port.png', '/home/book4holiday/public_html/beta/assets/resortimages/'),
(18, 25, 'Vishal Prakruthi Resort', 'Opp. Dundigal Airforce Academy, Annaram Village, Jinnaram Mandal, Telangana 502313', 'Unique'' is the word that best captures Vishal Prakruthi Resorts in Hyderabad: a dynamic place rich in contrast and colour and is a heaven for vegetarian lovers with its fine decor magnificent views. Here, you will get to experience life in the authentic country side, far away from pollution and the din of the city life. A great range of indoor as well as outdoor leisure pursuits await your arrival at Vishal Prakruthi Resorts. A variety of entertainment facilities, passion of our professional service staff to provide quality personalized service and their unparalleled desire for guest satisfaction make Vishal Prakruthi Resorts ''the'' place for all your corporate events, celebrations, parties and family functions.\r\n', 'admin', '2016-08-29 04:53:20', NULL, NULL, '1', '17.4680379', '78.5068361', 'Vishal_Prakruthi_Resort.jpg', '/home/book4holiday/public_html/beta/assets/resortimages/');

-- --------------------------------------------------------

--
-- Table structure for table `tblsliders`
--

CREATE TABLE IF NOT EXISTS `tblsliders` (
  `sid` int(10) unsigned NOT NULL AUTO_INCREMENT,
  `name` varchar(45) DEFAULT NULL,
  `title` longtext,
  `subtitle` longtext,
  `link` longtext,
  `expirydate` date DEFAULT NULL,
  `status` varchar(45) DEFAULT NULL,
  `createdon` datetime DEFAULT NULL,
  `createdby` varchar(45) DEFAULT NULL,
  `updatedon` datetime DEFAULT NULL,
  `updatedby` varchar(45) DEFAULT NULL,
  `image` longtext NOT NULL,
  PRIMARY KEY (`sid`)
) ENGINE=InnoDB  DEFAULT CHARSET=latin1 AUTO_INCREMENT=7 ;

--
-- Dumping data for table `tblsliders`
--

INSERT INTO `tblsliders` (`sid`, `name`, `title`, `subtitle`, `link`, `expirydate`, `status`, `createdon`, `createdby`, `updatedon`, `updatedby`, `image`) VALUES
(1, 'Slider1', 'Independance Day', 'Independance Celebrations', '#', '0000-00-00', '1', '2016-08-12 02:14:21', 'admin', '2016-08-12 09:31:35', 'admin', '2.jpg'),
(2, 'Slider2', 'Alankrita Resorts', 'A right to plan your family day out', '#', '0000-00-00', '1', '2016-08-12 02:14:46', 'admin', '2016-08-12 09:27:58', 'admin', '4.jpg'),
(3, 'Zoo', 'Nehru Zoo Park', 'A right to plan your family day out', 'http://book4holiday.com/beta/index.php/resorts/zoo/1', '0000-00-00', '1', '2016-08-12 09:29:10', 'admin', '2016-08-23 09:21:49', 'admin', '10.jpg'),
(4, 'Slider4', 'Title', 'Subtitle', '#', '2016-08-12', '1', '2016-08-12 10:52:31', 'admin', NULL, NULL, '8.jpg');

-- --------------------------------------------------------

--
-- Table structure for table `tblsliders2`
--

CREATE TABLE IF NOT EXISTS `tblsliders2` (
  `sid` int(10) unsigned NOT NULL AUTO_INCREMENT,
  `name` varchar(45) DEFAULT NULL,
  `title` longtext,
  `subtitle` longtext,
  `link` longtext,
  `expirydate` date DEFAULT NULL,
  `status` varchar(45) DEFAULT NULL,
  `createdon` datetime DEFAULT NULL,
  `createdby` varchar(45) DEFAULT NULL,
  `updatedon` datetime DEFAULT NULL,
  `updatedby` varchar(45) DEFAULT NULL,
  `image` longtext NOT NULL,
  PRIMARY KEY (`sid`)
) ENGINE=InnoDB  DEFAULT CHARSET=latin1 AUTO_INCREMENT=5 ;

--
-- Dumping data for table `tblsliders2`
--

INSERT INTO `tblsliders2` (`sid`, `name`, `title`, `subtitle`, `link`, `expirydate`, `status`, `createdon`, `createdby`, `updatedon`, `updatedby`, `image`) VALUES
(1, 'Slider1', 'Independance Day', 'Independance Celebrations', 'http://book4holiday.com/beta/eventdetails/Independance-Celebrations/2', '0000-00-00', '1', '2016-08-12 02:14:21', 'admin', '2016-08-12 09:31:35', 'admin', '2.jpg'),
(2, 'Slider2', 'Alankrita Resorts', 'A right to plan your family day out', 'http://book4holiday.com/beta/resorts/Alankrita-Resorts/2', '0000-00-00', '1', '2016-08-12 02:14:46', 'admin', '2016-08-12 09:27:58', 'admin', '4.jpg'),
(3, 'Zoo', 'Nehru Zoo Park', 'A right to plan your family day out', 'http://book4holiday.com/beta/resorts-details/Nehru-Zoo-Logical-Park/1', '0000-00-00', '1', '2016-08-12 09:29:10', 'admin', '2016-08-12 09:31:09', 'admin', '10.jpg'),
(4, 'Slider4', 'Title', 'Subtitle', '#', '2016-08-12', '1', '2016-08-12 10:52:31', 'admin', NULL, NULL, '8.jpg');

-- --------------------------------------------------------

--
-- Table structure for table `tblsms_template`
--

CREATE TABLE IF NOT EXISTS `tblsms_template` (
  `tempid` int(10) unsigned NOT NULL,
  `temptype` varchar(45) DEFAULT NULL,
  `tempname` varchar(45) DEFAULT NULL,
  `temptext` varchar(45) DEFAULT NULL,
  `status` varchar(45) DEFAULT NULL,
  PRIMARY KEY (`tempid`)
) ENGINE=InnoDB DEFAULT CHARSET=latin1;

-- --------------------------------------------------------

--
-- Table structure for table `tblstates`
--

CREATE TABLE IF NOT EXISTS `tblstates` (
  `stateid` int(10) unsigned NOT NULL AUTO_INCREMENT,
  `statename` varchar(45) DEFAULT NULL,
  `countryid` int(11) unsigned DEFAULT NULL,
  `status` varchar(45) DEFAULT NULL,
  PRIMARY KEY (`stateid`)
) ENGINE=InnoDB DEFAULT CHARSET=latin1 AUTO_INCREMENT=1 ;

-- --------------------------------------------------------

--
-- Table structure for table `tbltransactions`
--

CREATE TABLE IF NOT EXISTS `tbltransactions` (
  `tid` int(10) NOT NULL AUTO_INCREMENT,
  `transactiondate` datetime NOT NULL DEFAULT CURRENT_TIMESTAMP,
  `vendorid` int(10) NOT NULL,
  `amountreceived` decimal(10,2) DEFAULT NULL,
  `servicecharges` decimal(10,2) DEFAULT NULL,
  `amountpaid` decimal(10,2) DEFAULT NULL,
  `balance` decimal(10,2) DEFAULT NULL,
  `kidsmealamountrecieved` decimal(10,2) DEFAULT NULL,
  PRIMARY KEY (`tid`)
) ENGINE=InnoDB  DEFAULT CHARSET=latin1 AUTO_INCREMENT=113 ;

--
-- Dumping data for table `tbltransactions`
--

INSERT INTO `tbltransactions` (`tid`, `transactiondate`, `vendorid`, `amountreceived`, `servicecharges`, `amountpaid`, `balance`, `kidsmealamountrecieved`) VALUES
(1, '2016-08-22 13:22:59', 24, '77.08', '0.98', NULL, '77.08', '0.00'),
(2, '2016-08-22 14:38:19', 24, '154.14', '1.96', NULL, '231.22', '0.00'),
(3, '2016-08-22 14:50:17', 24, '154.14', '1.96', NULL, '385.36', '0.00'),
(4, '2016-08-22 14:51:24', 24, '154.14', '1.96', NULL, '539.50', '0.00'),
(5, '2016-08-22 14:52:08', 24, '154.14', '1.96', NULL, '693.64', '0.00'),
(6, '2016-08-22 14:52:23', 24, '154.14', '1.96', NULL, '847.78', '0.00'),
(7, '2016-08-22 14:52:31', 24, '154.14', '1.96', NULL, '1001.92', '0.00'),
(8, '2016-08-22 14:53:18', 24, '154.14', '1.96', NULL, '1156.06', '0.00'),
(9, '2016-08-22 14:55:17', 24, '154.14', '1.96', NULL, '1310.20', '0.00'),
(10, '2016-08-22 14:57:30', 24, '154.14', '1.96', NULL, '1464.34', '0.00'),
(11, '2016-08-22 14:57:50', 24, '154.14', '1.96', NULL, '1618.48', '0.00'),
(12, '2016-08-22 14:58:18', 24, '154.14', '1.96', NULL, '1772.62', '0.00'),
(13, '2016-08-22 14:59:41', 24, '154.14', '1.96', NULL, '1926.76', '0.00'),
(14, '2016-08-22 15:00:05', 24, '154.14', '1.96', NULL, '2080.90', '0.00'),
(15, '2016-08-22 16:04:47', 25, '550.50', '7.00', NULL, '550.50', NULL),
(16, '2016-08-22 16:07:29', 24, '44.04', '0.56', NULL, '2124.94', '0.00'),
(17, '2016-08-22 16:17:41', 24, '132.12', '1.68', NULL, '2257.06', '0.00'),
(18, '2016-08-22 16:19:38', 24, '133.80', NULL, NULL, '2390.86', '0.00'),
(19, '2016-08-22 16:20:12', 24, '133.80', NULL, NULL, '2524.66', '0.00'),
(20, '2016-08-22 16:22:31', 24, '133.80', NULL, NULL, '2658.46', '0.00'),
(21, '2016-08-22 16:41:17', 24, '77.08', '0.98', NULL, '2735.54', '0.00'),
(22, '2016-08-22 16:52:38', 24, '88.08', '1.12', NULL, '2823.62', '0.00'),
(23, '2016-08-22 17:23:23', 24, '132.12', '1.68', NULL, '2955.74', '50.00'),
(24, '2016-08-22 19:33:38', 25, '2202.00', '28.00', NULL, '2752.50', '0.00'),
(25, '2016-08-22 19:43:07', 25, '2202.00', '28.00', NULL, '4954.50', NULL),
(26, '2016-08-22 19:50:59', 25, '2202.00', '28.00', NULL, '7156.50', NULL),
(27, '2016-08-22 20:07:54', 24, '33.04', '0.42', NULL, '2988.78', '0.00'),
(28, '2016-08-22 21:03:18', 24, '132.12', '1.68', NULL, '3120.90', '50.00'),
(29, '2016-08-22 21:42:30', 24, '187.18', '2.38', NULL, '3308.08', '100.00'),
(30, '2016-08-22 21:59:03', 25, '3303.00', '42.00', NULL, '10459.50', NULL),
(31, '2016-08-22 21:59:32', 24, '187.18', '2.38', NULL, '3495.26', '100.00'),
(32, '2016-08-22 22:03:14', 25, '14313.00', '182.00', NULL, '24772.50', NULL),
(33, '2016-08-22 22:20:37', 25, '3303.00', '42.00', NULL, '28075.50', NULL),
(34, '2016-08-22 23:14:32', 24, '66.06', '0.84', NULL, '3561.32', '0.00'),
(35, '2016-08-22 23:16:23', 24, '66.06', '0.84', NULL, '3627.38', '0.00'),
(36, '2016-08-22 23:26:01', 24, '187.18', '2.38', NULL, '3814.56', '100.00'),
(37, '2016-08-22 23:48:26', 24, '66.06', '0.84', NULL, '3880.62', '0.00'),
(38, '2016-08-23 05:09:08', 25, '1101.00', '14.00', NULL, '29176.50', NULL),
(39, '2016-08-23 19:25:53', 24, '33.04', '0.42', NULL, '3913.66', '0.00'),
(40, '2016-08-23 19:28:49', 24, '88.08', '1.12', NULL, '4001.74', '50.00'),
(41, '2016-08-23 19:30:22', 24, '88.08', '1.12', NULL, '4089.82', '50.00'),
(42, '2016-08-23 19:31:00', 24, '88.08', '1.12', NULL, '4177.90', '50.00'),
(43, '2016-08-23 19:37:10', 26, '2752.50', '35.00', NULL, '2752.50', '0.00'),
(44, '2016-08-23 19:57:48', 27, '4238.86', '53.90', NULL, '4238.86', '0.00'),
(45, '2016-08-23 20:00:42', 24, '132.12', '1.68', NULL, '4310.02', '0.00'),
(46, '2016-08-23 21:13:39', 24, '66.06', '0.84', NULL, '4376.08', '0.00'),
(47, '2016-08-23 21:17:33', 24, '88.08', '1.12', NULL, '4464.16', '0.00'),
(48, '2016-08-24 12:32:26', 24, '55.06', '0.70', NULL, '4519.22', '0.00'),
(49, '2016-08-24 13:06:02', 25, '2202.00', '28.00', NULL, '31378.50', NULL),
(50, '2016-08-24 13:12:36', 24, '154.14', '1.96', NULL, '4673.36', '100.00'),
(51, '2016-08-24 13:37:21', 24, '99.10', '1.26', NULL, '4772.46', '50.00'),
(52, '2016-08-24 14:23:30', 25, '2202.00', '28.00', NULL, '33580.50', NULL),
(53, '2016-08-24 14:47:36', 24, '198.18', '2.52', NULL, '4970.64', '100.00'),
(54, '2016-08-24 15:27:56', 24, '77.08', '0.98', NULL, '5047.72', '0.00'),
(55, '2016-08-24 15:41:22', 24, '132.12', '1.68', NULL, '5179.84', '50.00'),
(56, '2016-08-24 15:44:37', 24, '133.80', NULL, NULL, '5313.64', '50.00'),
(57, '2016-08-24 16:13:30', 24, '187.18', '2.38', NULL, '5500.82', '100.00'),
(58, '2016-08-24 16:39:12', 0, '89.00', '0.00', NULL, '89.00', '0.00'),
(59, '2016-08-24 16:39:19', 24, '88.08', '1.12', NULL, '5588.90', '0.00'),
(60, '2016-08-24 16:43:58', 24, '130.04', '14.96', NULL, '5718.94', '100.00'),
(61, '2016-08-24 16:45:48', 24, '240.40', '27.60', NULL, '5959.34', '150.00'),
(62, '2016-08-24 16:47:25', 24, '77.08', '0.98', NULL, '6036.42', '0.00'),
(63, '2016-08-24 16:48:18', 24, '77.08', '0.98', NULL, '6113.50', '0.00'),
(64, '2016-08-24 16:48:46', 24, '77.08', '0.98', NULL, '6190.58', '0.00'),
(65, '2016-08-24 16:49:17', 24, '77.08', '0.98', NULL, '6267.66', '0.00'),
(66, '2016-08-24 16:50:38', 24, '79.80', '9.20', NULL, '6347.46', '50.00'),
(67, '2016-08-24 16:50:41', 24, '77.08', '0.98', NULL, '6424.54', '0.00'),
(68, '2016-08-24 16:51:55', 24, '77.08', '0.98', NULL, '6501.62', '0.00'),
(69, '2016-08-24 16:58:51', 24, '77.08', '0.98', NULL, '6578.70', '0.00'),
(70, '2016-08-24 17:08:44', 24, '79.80', '9.20', NULL, '6658.50', '50.00'),
(71, '2016-08-24 17:11:22', 24, '99.10', '1.26', NULL, '6757.60', '50.00'),
(72, '2016-08-24 18:37:20', 25, '2202.00', '28.00', NULL, '35782.50', '0.00'),
(73, '2016-08-24 18:45:33', 24, '170.44', '19.56', NULL, '6928.04', '100.00'),
(74, '2016-08-24 18:54:21', 25, '2202.00', '28.00', NULL, '37984.50', '0.00'),
(75, '2016-08-24 19:12:46', 25, '2202.00', '28.00', NULL, '40186.50', '0.00'),
(76, '2016-08-24 19:36:24', 0, '5505.00', '70.00', NULL, '5594.00', '0.00'),
(77, '2016-08-24 19:37:23', 0, '5505.00', '70.00', NULL, '11099.00', '0.00'),
(78, '2016-08-24 19:40:42', 28, '5505.00', '70.00', NULL, '5505.00', '0.00'),
(79, '2016-08-24 20:32:54', 0, '5505.00', '70.00', NULL, '16604.00', '0.00'),
(80, '2016-08-24 20:41:39', 28, '5505.00', '70.00', NULL, '11010.00', '0.00'),
(81, '2016-08-24 21:27:49', 24, '77.08', '0.98', NULL, '7005.12', '0.00'),
(82, '2016-08-25 11:24:15', 28, '5505.00', '70.00', NULL, '16515.00', '0.00'),
(83, '2016-08-25 12:31:08', 24, '44.04', '0.56', NULL, '7049.16', '0.00'),
(84, '2016-08-25 12:47:49', 0, '5505.00', '70.00', NULL, '22109.00', '0.00'),
(85, '2016-08-26 13:35:43', 24, '88.08', '1.12', NULL, '7137.24', '50.00'),
(86, '2016-08-26 14:36:52', 24, '33.04', '0.42', NULL, '7170.28', '0.00'),
(87, '2016-08-26 16:20:15', 28, '5505.00', '70.00', NULL, '22020.00', '0.00'),
(88, '2016-08-26 16:25:41', 24, '240.40', '27.60', NULL, '7410.68', '150.00'),
(89, '2016-08-26 16:34:29', 24, '180.30', '20.70', NULL, '7590.98', '100.00'),
(90, '2016-08-26 16:51:07', 24, '79.80', '9.20', NULL, '7670.78', '50.00'),
(91, '2016-08-26 17:02:13', 25, '1101.00', '14.00', NULL, '41287.50', '0.00'),
(92, '2016-08-26 17:07:20', 24, '29.56', '3.44', NULL, '7700.34', '0.00'),
(93, '2016-08-26 18:12:57', 24, '159.60', '18.40', NULL, '7859.94', '100.00'),
(94, '2016-08-26 19:07:12', 28, '90833.00', '1155.00', NULL, '112853.00', '0.00'),
(95, '2016-08-26 19:11:01', 28, '5505.00', '70.00', NULL, '118358.00', '0.00'),
(96, '2016-08-26 19:33:38', 27, '8478.20', '107.80', NULL, '12717.06', '0.00'),
(97, '2016-08-26 20:43:58', 24, '539.90', '62.10', NULL, '8399.84', '250.00'),
(98, '2016-08-26 23:20:06', 24, '99.10', '1.26', NULL, '8498.94', '50.00'),
(99, '2016-08-27 03:16:52', 25, '2202.00', '28.00', NULL, '43489.50', '0.00'),
(100, '2016-08-27 03:17:52', 25, '2202.00', '28.00', NULL, '45691.50', '0.00'),
(101, '2016-08-27 03:18:32', 25, '2202.00', '28.00', NULL, '47893.50', '0.00'),
(102, '2016-08-27 03:21:08', 25, '2202.00', '28.00', NULL, '50095.50', '0.00'),
(103, '2016-08-27 03:21:17', 25, '2202.00', '28.00', NULL, '52297.50', '0.00'),
(104, '2016-08-27 03:21:32', 25, '2202.00', '28.00', NULL, '54499.50', '0.00'),
(105, '2016-08-27 03:22:24', 25, '2202.00', '28.00', NULL, '56701.50', '0.00'),
(106, '2016-08-27 05:51:29', 24, '89.66', '10.34', NULL, '8588.60', '50.00'),
(107, '2016-08-28 13:22:32', 24, '44.04', '0.56', NULL, '8632.64', '0.00'),
(108, '2016-08-28 13:44:06', 24, '99.10', '1.26', NULL, '8731.74', '50.00'),
(109, '2016-08-29 19:16:41', 24, '44.04', '0.56', NULL, '8775.78', '0.00'),
(110, '2016-08-30 18:32:16', 24, '44.04', '0.56', NULL, '8819.82', '0.00'),
(111, '2016-08-30 18:41:43', 25, '1101.00', '14.00', NULL, '57802.50', '0.00'),
(112, '2016-08-31 09:59:23', 24, '89.66', '10.34', NULL, '8909.48', '0.00');

-- --------------------------------------------------------

--
-- Table structure for table `tblusers`
--

CREATE TABLE IF NOT EXISTS `tblusers` (
  `userid` int(10) unsigned NOT NULL AUTO_INCREMENT,
  `vendorid` int(11) NOT NULL,
  `username` varchar(45) DEFAULT NULL,
  `password` longtext,
  `department` varchar(45) DEFAULT NULL,
  `designation` varchar(45) DEFAULT NULL,
  `email` varchar(45) DEFAULT NULL,
  `mobile` varchar(45) DEFAULT NULL,
  `status` int(10) unsigned DEFAULT NULL,
  `usertype` varchar(45) DEFAULT NULL,
  PRIMARY KEY (`userid`)
) ENGINE=InnoDB  DEFAULT CHARSET=latin1 AUTO_INCREMENT=4 ;

--
-- Dumping data for table `tblusers`
--

INSERT INTO `tblusers` (`userid`, `vendorid`, `username`, `password`, `department`, `designation`, `email`, `mobile`, `status`, `usertype`) VALUES
(1, 0, 'admin', 'c7ad44cbad762a5da0a452f9e854fdc1e0e7a52a38015f23f3eab1d80b931dd472634dfac71cd34ebc35d16ab7fb8a90c81f975113d6c7538dc69dd8de9077ec', '', '', '', '', 1, 'admin'),
(2, 1, 'abc', 'ba3253876aed6bc22d4a6ff53d8406c6ad864195ed144ab5c87621b6c233b548baeae6956df346ec8c17f5ea10f35ee3cbc514797ed7ddd3145464e2a0bab413', 'Booking', 'Booking', 'booking@hydzoo.com', '1234567890', 1, 'booking'),
(3, 1, 'xyz', 'ba3253876aed6bc22d4a6ff53d8406c6ad864195ed144ab5c87621b6c233b548baeae6956df346ec8c17f5ea10f35ee3cbc514797ed7ddd3145464e2a0bab413', 'security', 'security', 'security@hydzoo.com', '1234567890', 1, 'security');

-- --------------------------------------------------------

--
-- Table structure for table `tblvendorpayments`
--

CREATE TABLE IF NOT EXISTS `tblvendorpayments` (
  `vpid` int(10) NOT NULL AUTO_INCREMENT,
  `paymentdate` date DEFAULT NULL,
  `vendorid` int(10) NOT NULL,
  `paymenttype` varchar(25) NOT NULL,
  `transactiondate` date DEFAULT NULL,
  `transactionnumber` varchar(75) DEFAULT NULL,
  `amount` decimal(10,2) NOT NULL,
  `insertedby` varchar(45) NOT NULL,
  `insertedon` datetime NOT NULL,
  PRIMARY KEY (`vpid`)
) ENGINE=MyISAM DEFAULT CHARSET=utf8 AUTO_INCREMENT=1 ;

-- --------------------------------------------------------

--
-- Table structure for table `tblvendorphotos`
--

CREATE TABLE IF NOT EXISTS `tblvendorphotos` (
  `vphotoid` int(10) unsigned NOT NULL AUTO_INCREMENT,
  `vendorid` int(10) unsigned DEFAULT NULL,
  `photoname` varchar(45) DEFAULT NULL,
  `path` varchar(150) DEFAULT NULL,
  `status` varchar(45) DEFAULT NULL,
  PRIMARY KEY (`vphotoid`)
) ENGINE=InnoDB DEFAULT CHARSET=latin1 AUTO_INCREMENT=1 ;

-- --------------------------------------------------------

--
-- Table structure for table `tblvendors`
--

CREATE TABLE IF NOT EXISTS `tblvendors` (
  `vendorid` int(10) unsigned NOT NULL AUTO_INCREMENT,
  `vendorname` varchar(45) DEFAULT NULL,
  `password` varchar(150) NOT NULL,
  `contact_person` varchar(45) DEFAULT NULL,
  `Address1` longtext,
  `Address2` longtext,
  `city` varchar(45) DEFAULT NULL,
  `pincode` varchar(45) DEFAULT NULL,
  `landline` varchar(45) DEFAULT NULL,
  `mobile` varchar(45) DEFAULT NULL,
  `email` varchar(45) DEFAULT NULL,
  `website` longtext,
  `createdon` datetime DEFAULT NULL,
  `updateon` datetime DEFAULT NULL,
  `status` int(10) unsigned DEFAULT NULL COMMENT '1:valid,0:invalid;',
  `latitude` varchar(45) DEFAULT NULL,
  `longitude` varchar(45) DEFAULT NULL,
  `vendorlogo` varchar(150) DEFAULT NULL,
  `description` longtext,
  `bookingtype` varchar(60) NOT NULL,
  `kidsmealprice` int(10) NOT NULL,
  PRIMARY KEY (`vendorid`)
) ENGINE=InnoDB  DEFAULT CHARSET=latin1 AUTO_INCREMENT=33 ;

--
-- Dumping data for table `tblvendors`
--

INSERT INTO `tblvendors` (`vendorid`, `vendorname`, `password`, `contact_person`, `Address1`, `Address2`, `city`, `pincode`, `landline`, `mobile`, `email`, `website`, `createdon`, `updateon`, `status`, `latitude`, `longitude`, `vendorlogo`, `description`, `bookingtype`, `kidsmealprice`) VALUES
(1, 'Nehru Zoological Park', 'ba3253876aed6bc22d4a6ff53d8406c6ad864195ed144ab5c87621b6c233b548baeae6956df346ec8c17f5ea10f35ee3cbc514797ed7ddd3145464e2a0bab413', 'Curator', 'Hyderabad', 'Hitechcity', 'Hyderabad', '500064', '', '8121412298', 'info@hydzoo.com', '', '2016-08-17 09:18:05', '2016-08-17 09:18:05', 1, '0', '0', NULL, 'Nehru Zoological Park, Hyderabad is one of the first zoos in the Country to display the animals in open moated enclosures with no barriers in between the visitors and the animals. The zoo was established with this concept and was opened to public viewing on 06.10.1963. Since then the zoo kept on adding new facilities. The Lion Safari Park which was established in 1974 and Nocturnal Animal House established in the year 1982 were first of its kind in the country.\r\n\r\nAt Present this zoo is displaying animals belonging to 140 species numbering 1334. During this period this zoo received Common Marmosets, Spoon Bills from Alipore Zoo, Kolkata. Pig Tailed Macaque, Himalayan Black Bear, Leopard Cats from Sipahijala Zoo, Tripura and Mouse Deers from Sri Venkateshwara Zoological Park, Tirupati, 6 Nos of White backed Vultures from Sakkarbagh Zoo There are other animal exchange programmes belongs this Zoo and Patna & Mysore Zoos in the pipe line.\r\n\r\nDuring this period most of the animal enclosures and visitor facilities were revamped. Efforts were made to make the zoo a plastic free area, A Plastic regulation counter was opened at the entrance gate which provides paper bags in place of polythine bags. Additional booking counters, Visitors Shelters, resting areas were created for the visitors.\r\n\r\nThis Zoo is spread over an area of 380 acres and a visitor can''t see all the enclosures in one day on foot. Therefore bicycles were introduced in the zoo, and the visitors can hire these bicycles and can go around the zoo. This is helping the visitors in visiting the zoo completely.', 'singlecheckout', 0),
(2, 'Alankrita Resorts', '123456', 'Suresh Babu', 'Shamirpet, NH 8', '', 'Hyderabad', '500064', '09014138751', '9885754456', 'sharma@gmail.com', '', '2016-08-19 03:21:19', '2016-08-19 03:21:19', 0, '0', '0', NULL, 'Aalankrita is the famous Hyderabad resort situated in Shamirpet, a man-made vision created in complete harmony with the panoramic beauty of Nature. From the moment you arrive, youll be taken in by its breathtaking landscaping and scenery, blended in the pleasure and luxury of a 4 star resort. The delight of being here will be further buoyed by detailed architecture and rich interiors complementing the resorts ethnic theme, ensuring that the truly enlivening experience will stay long in your memory.', 'singlecheckout', 0),
(3, 'Leonia.D', '123456', 'ramakrishna yendluri', 'Shamirpet, Hyderbad', '', 'Hyderabad', '500064', '040 2334569', '9885754457', 'leonia@gmail.com', '', '2016-08-19 03:20:28', '2016-08-19 03:20:28', 0, '0', '0', NULL, 'Nestled in lush gardens, this upscale resort offers accommodation in a collection of cottages. The resort is 6 km from Shamirpet Lake and 7 km from the Koteshwar Swamy Temple', 'singlecheckout', 50),
(8, 'navya', '1234567', 'shobha D', 'madhapur', 'sdfsdf', 'Hyderabad.', '', '', '9603485530', 'jahnavimuppidi434@gmail.com', '', '2016-08-19 07:40:12', '2016-08-19 07:40:12', 0, '0', '0', NULL, 'fcvvcb', 'singlecheckout', 10),
(9, 'Telangana Tourism', '123456', 'Satish', 'Hyderabad', '', 'Hyderabad', '500000072', '', '8886922279', 'sathi.satya@gmail.com', '', '2016-08-19 06:58:57', '2016-08-19 06:58:57', 0, '0', '0', NULL, 'Tourism', 'singlecheckout', 0),
(10, 'GHMC', '123456', 'ravi', 'GHMC, Saifabad, hyderabad', '', 'Hyderabad', '50000001', '', '9889988912334444', 'ravi@ghmc.co.in', '', '2016-08-19 08:37:54', '2016-08-19 08:37:54', 0, '0', '0', NULL, 'Ven', 'singlecheckout', 0),
(11, 'GHMC1', '123456', 'Satish', 'Hyderabad', '', 'Hyderabad', '500007', '', '9999888899', 'sathi@gmail.com', '', '2016-08-19 09:43:24', '2016-08-19 09:43:24', 0, '0', '0', NULL, 'Tour Package', 'singlecheckout', 0),
(12, 'GHMC', '123456', 'Satish', 'hyd', '', 'Hyderabad', '500012', '', '9999888888', 'sathi1@gmail.com', '', '2016-08-19 09:46:52', '2016-08-19 09:46:52', 0, '0', '0', NULL, 'welcome', 'singlecheckout', 0),
(13, 'GHMC', '123456', 'Satish', 'hyd', '', 'Hyderabad', '500012', '', '9999888777', 'sathi22@gmail.com', '', '2016-08-19 09:48:22', '2016-08-19 09:48:22', 0, '0', '0', NULL, 'welcome', 'singlecheckout', 0),
(14, 'zxczxc', '123456', 'zxczx', 'zxczxc', 'zxc', 'zxczxc', '665656', '', '9885754456', 'sharma@gmail.com', '', '2016-08-19 10:23:00', '2016-08-19 10:23:00', 0, '0', '0', NULL, 'sdfsdfsdf', 'multicheckout', 10),
(15, 'sdfsdf', '123456', 'sdfsdf', 'sdfsdfsd', '', 'sdfsdfsdsdf', '565656', '', '9885754456', 'sharma@gmail.com', '', '2016-08-19 10:23:59', '2016-08-19 10:23:59', 0, '0', '0', NULL, 'sdfsdfsdf', 'multicheckout', 10),
(16, 'navee', '123456', 'asdfdsf', 'htddddd', '', 'hydddddd', '565656', '', '9885754456', 'sharma@gmail.com', '', '2016-08-19 10:28:43', '2016-08-19 10:28:43', 0, '0', '0', NULL, 'sdfsdfsdf', 'multicheckout', 60),
(17, 'navee', '123456', 'asdfdsf', 'htddddd', '', 'hydddddd', '565656', '', '9885754456', 'sharma@gmail.com', '', '2016-08-19 10:29:32', '2016-08-19 10:29:32', 0, '0', '0', NULL, 'sdfsdfsdf', 'multicheckout', 60),
(18, 'navee', '123456', 'asdfdsf', 'htddddd', '', 'hydddddd', '565656', '', '9885754456', 'sharma@gmail.com', '', '2016-08-19 10:30:01', '2016-08-19 10:30:01', 0, '0', '0', NULL, 'sdfsdfsdf', 'multicheckout', 60),
(19, 'New Vendor12345', '123456', 'dfsdfsdf', 'sdfsdfsdfsdfsd', '', 'sdfdgdgerterwe', '500067', '', '9885754456', 'sharma@gmail.com', '', '2016-08-20 12:00:07', '2016-08-20 12:00:07', 0, '0', '0', NULL, 'sdfsdfsdfsdfsdfdsf', 'singlecheckout', 0),
(20, 'New Vendor12345', '123456', 'dfsdfsdf', 'sdfsdfsdfsdfsd', '', 'sdfdgdgerterwe', '500067', '', '9885754456', 'sharma@gmail.com', '', '2016-08-20 12:00:26', '2016-08-20 12:00:26', 0, '0', '0', NULL, 'sdfsdfsdfsdfsdfdsf', 'singlecheckout', 0),
(21, 'New Vendor12345', '123456', 'dfsdfsdf', 'sdfsdfsdfsdfsd', '', 'sdfdgdgerterwe', '500067', '', '9885754456', 'sharma@gmail.com', '', '2016-08-20 12:00:29', '2016-08-20 12:00:29', 0, '0', '0', NULL, 'sdfsdfsdfsdfsdfdsf', 'singlecheckout', 0),
(22, 'New Vendor12345789', '123456', 'dfsdfsdf1234', 'sdfsdfsdfsdfsd', '', 'sdfdgdgerterwe1234', '500067', '', '9885754456', 'sharma@gmail.com', '123456', '2016-08-20 12:02:12', '2016-08-20 12:02:12', 0, '0', '0', NULL, 'sdfsdfsdfsdfsdfdsf', 'singlecheckout', 0),
(23, 'DSR', '9440180398', 'shobha', 'hyd', '', 'Hyderabad', '524225', '', '9538047641', 'shobhareddy0906@gmail.com', '', '2016-08-20 02:25:20', '2016-08-20 02:25:20', 0, '0', '0', NULL, 'this is testing', 'multicheckout', 40),
(24, 'Nehru Zoological Park', '123456', 'Mr Narendar', 'Bahadurpura', '', 'Telangana, Hyderabad', '500064', '', '0123456789', 'hydzoo@gmail.com', '', '2016-08-21 01:24:05', '2016-08-21 01:24:05', 1, '0', '0', NULL, 'Hyderabad Zoo', 'singlecheckout', 0),
(25, 'Book4Holiday', '123456', 'Narendar', 'Madhapur', '', 'Hydearbad', '500080', '', '0123456789', 'info@book4holiday.com', '', '2016-08-21 01:40:26', '2016-08-21 01:40:26', 1, '0', '0', NULL, 'Book4Holiday is a market place portal providing services to sell event and resort tickets online.', 'singlecheckout', 0),
(26, 'Lahari Resorts', '123456', 'Lahari Resorts', 'Bhanoor, Near Patancheru,', '', 'Hyderabad', '502305', '', '0123456789', 'info@lahariresorts.com', '', '2016-08-21 02:15:34', '2016-08-21 02:15:34', 1, '0', '0', NULL, 'Lahari Resort, a budget property is ideal for holidaying with friends and family and also for leisure cum business trip. The hotel is located at a distance of 53.7 km from Hyderabad International Airport, 20.6 km from Chandanagar Railway Station and 44.1 km from Shapur Nagar Bus Stand. The hotel is in proximity to various tourist places like Chilkur Balaji Temple, Sri Ramakrishna Math, Nehru Zoological Park, KBR National Park, Buddha Statue and many more. ', 'singlecheckout', 0),
(27, 'Honey Berg Resort', '123456', 'Honey Berg Resort', 'Muraharipalli Village, Near Genome Valley, Medchal Mandal, Ranga Reddy , ', '', 'Hyderabad', '500016', '', '0123456789', 'info@honeyberg.com', '', '2016-08-21 02:24:07', '2016-08-21 02:24:07', 1, '0', '0', NULL, 'Suchirindia Hotels & Resorts (P) Limited was set up by Suchirindia Group to foray into the hospitality sector. Resorts, Clubs, Theme Parks and other entertainment centers are being set up, initially in and around Hyderabad, major towns of Andhra Pradesh, metro cities in India and in due course overseas. Honey Berg is a 40,000 sq.ft, 3 Star boutique retreat located near Genome Valley, Shamirpet, Hyderabad. The highlighting factor of the resort is its architectural design which, while retaining the rocky terrain, seamlessly blends in with the surroundings. The magnificent glass faades and the rumbling waterfalls give it a distinct appearance and add substantially to the final panorama.The highlighting factor of the resort is its architectural design which, while retaining the rocky terrain, seamlessly blends in with the surroundings. The magnificent glass faades and the rumbling waterfalls give it a distinct appearance and add substantially to the final panorama.', 'singlecheckout', 0),
(28, 'Summer Green Resort', '123456', 'Summer Green Resort', 'Survey No. 90/A, 111, 112/A, 112B, Thumkunta Village, ', '', 'Survey No. 90/A, 111, 112/A, 112B, Thumkunta ', '500078', '', '0123456789', 'summer@gmail.com', '', '2016-08-21 02:31:54', '2016-08-21 02:31:54', 1, '0', '0', NULL, 'Summer Green plays perfect host as a gateway destination for families, friends or colleagues. The picturesque greenery, great ambiance & sprawling lawns are ideal for hosting weddings, birthday parties, family functions, Get-togethers, corporate seminars & launches.', 'singlecheckout', 0),
(32, 'abcd', 'ba3253876aed6bc22d4a6ff53d8406c6ad864195ed144ab5c87621b6c233b548baeae6956df346ec8c17f5ea10f35ee3cbc514797ed7ddd3145464e2a0bab413', 'abc', 'Hyderabad', 'Hyderabad', 'hyderabad', '500004', '040123456', '1234567890', 'abc@gmail.com', 'www.google.com', '2016-08-26 03:26:13', '2016-08-26 03:26:13', 1, '0', '0', NULL, 'asdsad', 'singlecheckout', 0);

/*!40101 SET CHARACTER_SET_CLIENT=@OLD_CHARACTER_SET_CLIENT */;
/*!40101 SET CHARACTER_SET_RESULTS=@OLD_CHARACTER_SET_RESULTS */;
/*!40101 SET COLLATION_CONNECTION=@OLD_COLLATION_CONNECTION */;
